MEMORY
  total           16317 KB
  struct            159 KB
  buffer            798 KB
  arena           15360 KB, used 0.5%

SIZES
  narena                15728640
  nbuffer               816784
  nplugin               0
  maxuse_stack          13872
  maxuse_arena          72496
  maxuse_con            4
  maxuse_efc            45
  ncon                  2
  ne                    0
  nf                    29
  nl                    0
  nefc                  37
  nJ                    1295
  nA                    0
  nisland               1
  nidof                 35
  ntree_awake           1
  nbody_awake           31
  nparent_awake         30
  nv_awake              35
  flg_energypos         0
  flg_energyvel         0
  flg_subtreevel        0
  flg_rnepost           1
  threadpool            0

TIMER
    0:  duration =  0.55       number = 3
    1:  duration =  0.54       number = 3
    2:  duration =  0          number = 0
    3:  duration =  0.47       number = 3
    4:  duration =  0.0067     number = 3
    5:  duration =  0.004      number = 3
    6:  duration =  0.038      number = 3
    7:  duration =  0.0067     number = 3
    8:  duration =  0.02       number = 3
    9:  duration =  0.0082     number = 3
    10:  duration =  0.41       number = 3
    11:  duration =  0.031      number = 3
    12:  duration =  0.00012    number = 3
    13:  duration =  0.02       number = 3
    14:  duration =  0.29       number = 3

SOLVER STAT
  solver_fwdinv =   0         0       
  ISLAND 0
    solver_niter = 1
    solver_nnz = 1225
      0:  improvement =  3.7e-06     gradient =  8.2e-18     lineslope =  0       
          nactive = 37   nchange = 0   neval = 2   nupdate = 0

ENERGY =   0         0       

TIME =  16      

QPOS
   0.013   
  -2.4e-05 
   1.3     
   1       
   0.00024 
   0.013   
  -0.00049 
   0.015   
   0.002   
  -0.0034  
  -0.012   
   0.17    
  -0.00016 
   0.015   
  -0.0027  
   0.0034  
  -0.012   
   0.17    
   0.00016 
   0.00011 
   0.0014  
  -0.031   
  -0.055   
   0.0098  
   0.034   
   1.3     
  -0.011   
  -0.055   
   0.0084  
  -0.055   
  -0.013   
  -0.034   
   1.3     
   0.012   
  -0.054   
  -0.0097  

QVEL
  -0.011   
  -0.00019 
  -0.00023 
   0.003   
  -0.094   
   0.00046 
  -0.0025  
   7.8e-05 
   0.00017 
  -0.002   
   0.0087  
  -2.2e-05 
  -0.0025  
  -4.1e-05 
  -0.00022 
  -0.002   
   0.0087  
   2.7e-05 
  -3.9e-05 
   1.1e-05 
   0.0024  
   0.001   
   0.00013 
   0.0014  
  -0.002   
  -0.00038 
  -0.0034  
   0.0014  
   0.0011  
  -0.0004  
  -0.0014  
  -0.002   
   0.00039 
  -0.0034  
  -0.0014  

QACC_WARMSTART
  -0.038   
   0.00049 
   0.0037  
  -0.0049  
   0.48    
  -0.0029  
  -0.016   
  -6.8e-05 
  -0.00046 
  -0.011   
  -0.0031  
   3.8e-05 
  -0.016   
   0.00042 
  -9.3e-05 
  -0.011   
  -0.0031  
   3.1e-05 
  -9.2e-05 
  -0.0002  
   0.013   
   0.00054 
   0.0026  
   0.0011  
  -0.011   
  -0.0013  
  -0.011   
   0.00028 
   0.00068 
  -0.003   
  -0.0012  
  -0.01    
   0.0014  
  -0.01    
  -0.00022 

CTRL
   0       
   0       
   0       
   0       
   0       
   0       
   0       
   0       
   0       
   0       
   0       
   0       
   0       
   0       
   0       
   0       
   0       
   0       
   0       
   0       
   0       
   0       
   0       
   0       
   0       
   0       
   0       
   0       
   0       

QFRC_APPLIED
   0       
   0       
   0       
   0       
   0       
   0       
   0       
   0       
   0       
   0       
   0       
   0       
   0       
   0       
   0       
   0       
   0       
   0       
   0       
   0       
   0       
   0       
   0       
   0       
   0       
   0       
   0       
   0       
   0       
   0       
   0       
   0       
   0       
   0       
   0       

XFRC_APPLIED
   0         0         0         0         0         0       
   0         0         0         0         0         0       
   0         0         0         0         0         0       
   0         0         0         0         0         0       
   0         0         0         0         0         0       
   0         0         0         0         0         0       
   0         0         0         0         0         0       
   0         0         0         0         0         0       
   0         0         0         0         0         0       
   0         0         0         0         0         0       
   0         0         0         0         0         0       
   0         0         0         0         0         0       
   0         0         0         0         0         0       
   0         0         0         0         0         0       
   0         0         0         0         0         0       
   0         0         0         0         0         0       
  -2.6       0.0047    3.4e+02   0         0         0       
   0         0         0         0         0         0       
   0         0         0         0         0         0       
   0         0         0         0         0         0       
   0         0         0         0         0         0       
   0         0         0         0         0         0       
   0         0         0         0         0         0       
   0         0         0         0         0         0       
   0         0         0         0         0         0       
   0         0         0         0         0         0       
   0         0         0         0         0         0       
   0         0         0         0         0         0       
   0         0         0         0         0         0       
   0         0         0         0         0         0       
   0         0         0         0         0         0       

QACC
  -0.038   
   0.00049 
   0.0037  
  -0.0049  
   0.48    
  -0.0029  
  -0.016   
  -6.8e-05 
  -0.00046 
  -0.011   
  -0.0031  
   3.8e-05 
  -0.016   
   0.00042 
  -9.3e-05 
  -0.011   
  -0.0031  
   3.1e-05 
  -9.2e-05 
  -0.0002  
   0.013   
   0.00054 
   0.0026  
   0.0011  
  -0.011   
  -0.0013  
  -0.011   
   0.00028 
   0.00068 
  -0.003   
  -0.0012  
  -0.01    
   0.0014  
  -0.01    
  -0.00022 

SENSOR
   0.015   
   0.002   
  -0.0034  
  -0.012   
   0.17    
  -0.00016 
   0.015   
  -0.0027  
   0.0034  
  -0.012   
   0.17    
   0.00016 
   0.00011 
   0.0014  
  -0.032   
  -0.055   
   0.0098  
   0.034   
   1.3     
  -0.011   
  -0.055   
   0.0084  
  -0.055   
  -0.013   
  -0.034   
   1.3     
   0.012   
  -0.054   
  -0.0097  
  -0.0024  
   7.9e-05 
   0.00017 
  -0.0019  
   0.0088  
  -2.3e-05 
  -0.0024  
  -4.3e-05 
  -0.00022 
  -0.0019  
   0.0088  
   2.7e-05 
  -3.9e-05 
   1.2e-05 
   0.0023  
   0.001   
   0.00012 
   0.0013  
  -0.002   
  -0.00037 
  -0.0034  
   0.0014  
   0.0011  
  -0.00038 
  -0.0014  
  -0.0019  
   0.00038 
  -0.0034  
  -0.0014  
   0       
   0       
   0       
   0       
   0       
   0       
   0       
   0       
   0       
   0       
   0       
   0       
   0       
   0       
   0       
   0       
   0       
   0       
   0       
   0       
   0       
   0       
   0       
   0       
   0       
   0       
   0       
   0       
   0       
   1       
   0.00023 
   0.013   
  -0.00049 
   0.003   
  -0.097   
   0.00048 
  -0.3     
   0.0049  
   9.8     
   0.013   
  -2.3e-05 
   1.3     
  -0.01    
  -0.00019 
  -0.00025 
   1       
   0.00096 
   0.013   
  -0.00044 
   0.003   
  -0.097   
   0.00058 
  -0.21    
   0.02    
   9.8     

TREE_ASLEEP
  -11

XPOS
   0         0         0       
   0.013    -2.3e-05   1.3     
   0.01      0.064     1.2     
   0.0091    0.12      1.1     
   0.05      0.12      1       
  -0.0036    0.12      0.84    
  -0.012     0.12      0.54    
  -0.016     0.12      0.52    
   0.01     -0.064     1.2     
   0.0089   -0.12      1.1     
   0.05     -0.12      1       
  -0.0039   -0.12      0.84    
  -0.013    -0.12      0.54    
  -0.016    -0.12      0.52    
   0.013    -2.3e-05   1.3     
   0.0099   -3.7e-05   1.3     
   0.01     -7.3e-05   1.3     
   0.013     0.1       1.6     
   0.014     0.14      1.6     
   0.02      0.15      1.5     
   0.041     0.15      1.4     
   0.063     0.15      1.3     
   0.074     0.15      1.3     
   0.091     0.15      1.2     
   0.013    -0.1       1.6     
   0.014    -0.14      1.6     
   0.02     -0.15      1.5     
   0.04     -0.15      1.4     
   0.062    -0.15      1.3     
   0.074    -0.15      1.2     
   0.091    -0.15      1.2     

XQUAT
   1         0         0         0       
   1         0.00023   0.013    -0.00049 
   1         0.00024   0.021    -0.00049 
   1         0.0012   -0.067    -0.00044 
   1         0.0013   -0.067    -0.0022  
   1         0.0015    0.015    -0.002   
   0.99      0.0016    0.1      -0.0019  
   0.99      0.0016    0.1      -0.0019  
   1         0.00024   0.021    -0.00049 
   1        -0.0011   -0.067    -0.00059 
   1        -0.0013   -0.067     0.0011  
   1        -0.0013    0.015     0.00098 
   0.99     -0.0014    0.1       0.00086 
   0.99     -0.0013    0.1       0.00085 
   1         0.00023   0.013    -0.00043 
   1         0.00096   0.013    -0.00044 
   1         0.00095  -0.0026   -0.00046 
   0.99      0.14     -0.03     -0.0041  
   1         0.0059   -0.029    -0.0081  
   1         0.0054   -0.029     0.009   
   0.81     -0.0012    0.59      0.01    
   0.81     -0.0058    0.59      0.014   
   0.83     -0.0054    0.56      0.014   
   0.83     -0.0031    0.56      0.017   
   0.99     -0.14     -0.03      0.0031  
   1        -0.0055   -0.029     0.0071  
   1        -0.005    -0.029    -0.0097  
   0.81      0.002     0.59     -0.011   
   0.81      0.0067    0.59     -0.014   
   0.83      0.0063    0.56     -0.014   
   0.83      0.0036    0.56     -0.018   

XMAT
   1         0         0         0         1         0         0         0         1       
   1         0.00098   0.026    -0.00097   1        -0.00048  -0.026     0.00045   1       
   1         0.00098   0.042    -0.00096   1        -0.00049  -0.042     0.00045   1       
   0.99      0.00072  -0.13     -0.001     1        -0.0023    0.13      0.0024    0.99    
   0.99      0.0041   -0.13     -0.0045    1        -0.0023    0.13      0.0029    0.99    
   1         0.0041    0.03     -0.004     1        -0.003    -0.03      0.0029    1       
   0.98      0.0041    0.2      -0.0035    1        -0.0036   -0.2       0.0029    0.98    
   0.98      0.0041    0.2      -0.0035    1        -0.0035   -0.2       0.0027    0.98    
   1         0.00098   0.042    -0.00096   1        -0.00049  -0.042     0.00045   1       
   0.99      0.0013   -0.13     -0.001     1         0.0024    0.13     -0.0022    0.99    
   0.99     -0.002    -0.13      0.0023    1         0.0024    0.13     -0.0027    0.99    
   1        -0.002     0.03      0.0019    1         0.0027   -0.03     -0.0027    1       
   0.98     -0.002     0.2       0.0014    1         0.003    -0.2      -0.0027    0.98    
   0.98     -0.002     0.2       0.0014    1         0.0028   -0.2      -0.0025    0.98    
   1         0.00087   0.026    -0.00086   1        -0.00048  -0.026     0.00045   1       
   1         0.00091   0.026    -0.00086   1        -0.0019   -0.026     0.0019    1       
   1         0.00091  -0.0052   -0.00092   1        -0.0019    0.0052    0.0019    1       
   1        -0.00036  -0.061    -0.016     0.96     -0.28      0.058     0.28      0.96    
   1         0.016    -0.058    -0.016     1        -0.011     0.058     0.012     1       
   1        -0.018    -0.058     0.018     1        -0.011     0.059     0.01      1       
   0.31     -0.018     0.95      0.015     1         0.014    -0.95      0.01      0.31    
   0.31     -0.029     0.95      0.015     1         0.026    -0.95      0.0067    0.31    
   0.37     -0.029     0.93      0.017     1         0.025    -0.93      0.0067    0.37    
   0.37     -0.032     0.93      0.025     1         0.025    -0.93      0.015     0.37    
   1         0.0021   -0.06      0.014     0.96      0.27      0.058    -0.27      0.96    
   1        -0.014    -0.059     0.014     1         0.011     0.058    -0.011     1       
   1         0.02     -0.059    -0.019     1         0.011     0.059    -0.0094    1       
   0.31      0.02      0.95     -0.015     1        -0.016    -0.95     -0.0094    0.31    
   0.31      0.031     0.95     -0.015     1        -0.027    -0.95     -0.0057    0.31    
   0.36      0.031     0.93     -0.017     1        -0.027    -0.93     -0.0057    0.37    
   0.36      0.034     0.93     -0.026     1        -0.027    -0.93     -0.015     0.37    

XIPOS
   0         0         0       
   0.011     1.3e-05   1.2     
   0.012     0.11      1.1     
   0.05      0.12      1.1     
   0.013     0.11      0.87    
  -0.0017    0.12      0.72    
  -0.017     0.12      0.55    
   0.0066    0.12      0.5     
   0.012    -0.11      1.1     
   0.05     -0.12      1.1     
   0.013    -0.11      0.87    
  -0.002    -0.12      0.72    
  -0.018    -0.12      0.55    
   0.0063   -0.12      0.5     
   0.017    -3.6e-05   1.3     
   0.01     -0.00029   1.3     
   0.013    -0.00016   1.5     
   0.014     0.14      1.6     
   0.018     0.15      1.5     
   0.035     0.15      1.4     
   0.051     0.15      1.3     
   0.068     0.15      1.3     
   0.082     0.15      1.2     
   0.12      0.16      1.1     
   0.014    -0.14      1.6     
   0.017    -0.15      1.5     
   0.035    -0.15      1.4     
   0.051    -0.15      1.3     
   0.068    -0.15      1.3     
   0.082    -0.15      1.2     
   0.12     -0.16      1.1     

XIMAT
   1         0         0         0         1         0         0         0         1       
   1         0.00098   0.026    -0.00097   1        -0.00048  -0.026     0.00045   1       
   0.99     -0.016     0.11      0.074     0.83     -0.56     -0.081     0.56      0.82    
   0.96      0.081     0.28     -0.079     1        -0.019    -0.28     -0.0036    0.96    
  -0.22     -0.89      0.39      0.97     -0.18      0.14     -0.058     0.41      0.91    
   0.71     -0.7       0.034     0.7       0.71      0.07     -0.073    -0.026     1       
   0.0041   -0.27      0.96      1        -0.0017   -0.0047    0.0029    0.96      0.27    
   0.26     -0.0047    0.97     -0.0053   -1        -0.0034    0.97     -0.0042   -0.26    
   0.99      0.017     0.11     -0.076     0.83      0.56     -0.082    -0.56      0.82    
   0.96     -0.079     0.28      0.077     1         0.018    -0.28      0.0038    0.96    
   0.22     -0.89      0.39      0.97      0.18     -0.14      0.058     0.41      0.91    
   0.71      0.71      0.025    -0.7       0.71     -0.07     -0.067     0.032     1       
  -0.002    -0.27      0.96      1         0.002     0.0026   -0.0027    0.96      0.27    
   0.26      0.0025    0.97      0.0045   -1         0.0014    0.97      0.004    -0.26    
  -0.18      0.063     0.98      0.0075   -1         0.065     0.98      0.019     0.18    
   1         0.002     0.026    -0.00086   1        -0.043    -0.026     0.043     1       
   1         0.0085    0.031    -0.0084    1        -0.0028   -0.031     0.0026    1       
  -0.17     -0.87     -0.46      0.73      0.2      -0.66      0.66     -0.44      0.6     
   0.0011   -1        -0.096     1         0.0005    0.0067   -0.0066   -0.096     1       
   0.03     -0.96     -0.29      1         0.023     0.03     -0.022    -0.29      0.96    
   0.18      0.97      0.19      0.92     -0.095    -0.37     -0.34      0.24     -0.91    
   0.95     -0.31     -0.074     0.025     0.31     -0.95      0.31      0.9       0.3     
   0.63      0.7       0.32      0.73     -0.68      0.062     0.26      0.19     -0.95    
   0.034     0.93      0.37      1        -0.016    -0.05     -0.041     0.38     -0.93    
   0.17     -0.87     -0.45      0.73     -0.2       0.65     -0.66     -0.44      0.6     
   0.00084  -1        -0.096     1         0.0016   -0.0074    0.0076   -0.096     1       
  -0.029    -0.96     -0.29      1        -0.021    -0.03      0.023    -0.29      0.96    
  -0.18      0.97      0.19      0.92      0.094     0.38      0.34      0.24     -0.91    
   0.95     -0.31      0.072    -0.027    -0.31     -0.95      0.31      0.9      -0.3     
  -0.63      0.7       0.32      0.73      0.68     -0.062    -0.26      0.19     -0.95    
  -0.032     0.93      0.37      1         0.014     0.049     0.04      0.37     -0.93    

XANCHOR
   0.013    -2.3e-05   1.3     
   0.01      0.064     1.2     
   0.0091    0.12      1.1     
   0.05      0.12      1       
  -0.0036    0.12      0.84    
  -0.012     0.12      0.54    
  -0.016     0.12      0.52    
   0.01     -0.064     1.2     
   0.0089   -0.12      1.1     
   0.05     -0.12      1       
  -0.0039   -0.12      0.84    
  -0.013    -0.12      0.54    
  -0.016    -0.12      0.52    
   0.013    -2.3e-05   1.3     
   0.0099   -3.7e-05   1.3     
   0.01     -7.3e-05   1.3     
   0.013     0.1       1.6     
   0.014     0.14      1.6     
   0.02      0.15      1.5     
   0.041     0.15      1.4     
   0.063     0.15      1.3     
   0.074     0.15      1.3     
   0.091     0.15      1.2     
   0.013    -0.1       1.6     
   0.014    -0.14      1.6     
   0.02     -0.15      1.5     
   0.04     -0.15      1.4     
   0.062    -0.15      1.3     
   0.074    -0.15      1.2     
   0.091    -0.15      1.2     

XAXIS
   0         0         1       
   0.00098   1         0.00045 
   0.99     -0.001     0.13    
  -0.13     -0.0023    0.99    
   0.0041    1         0.0029  
   0.0041    1         0.0029  
   0.98     -0.0035   -0.2     
   0.00098   1         0.00045 
   0.99     -0.001     0.13    
  -0.13      0.0024    0.99    
  -0.002     1        -0.0027  
  -0.002     1        -0.0027  
   0.98      0.0014   -0.2     
   0.026    -0.00048   1       
   1        -0.00086  -0.026   
   0.00091   1         0.0019  
  -0.00036   0.96      0.28    
   1        -0.016     0.058   
  -0.058    -0.011     1       
  -0.018     1         0.01    
   0.31      0.015    -0.95    
  -0.029     1         0.0067  
   0.93      0.025     0.37    
   0.0021    0.96     -0.27    
   1         0.014     0.058   
  -0.059     0.011     1       
   0.02      1        -0.0094  
   0.31     -0.015    -0.95    
   0.031     1        -0.0057  
   0.93     -0.027     0.37    

GEOM_XPOS
   0         0         0       
   1.5       0         0.1     
   1.5       0         0.25    
   2         2         0.5     
   1.2       4         0.075   
   1.4       4         0.22    
   1.6       4         0.38    
   1.8       4         0.53    
   2         4         0.68    
   2.2       4         0.83    
   2.4       4         0.98    
   2.6       4         1.1     
   2.8       4         1.3     
   3         4         1.4     
   1.2       6         0.075   
   1.4       6         0.22    
   1.6       6         0.38    
   1.8       6         0.53    
   2         6         0.68    
   2.2       6         0.83    
   2.4       6         0.98    
   2.6       6         1.1     
   2.8       6         1.3     
   3         6         1.4     
  -2.3       5.2      -0.25    
  -2.3       5.4      -0.25    
  -2.3       5.6      -0.25    
  -2.3       5.8      -0.25    
  -2.3       6        -0.25    
  -2.3       6.2      -0.25    
  -2.3       6.4      -0.25    
  -2.3       6.6      -0.25    
  -2.1       5.2      -0.25    
  -2.1       5.4      -0.25    
  -2.1       5.6      -0.25    
  -2.1       5.7      -0.25    
  -2.1       5.9      -0.25    
  -2.1       6.1      -0.25    
  -2.1       6.3      -0.25    
  -2.1       6.5      -0.25    
  -1.9       5.2      -0.25    
  -1.9       5.5      -0.25    
  -1.9       5.7      -0.25    
  -1.9       6        -0.25    
  -1.9       6.2      -0.25    
  -1.9       6.4      -0.25    
  -1.9       6.6      -0.25    
  -1.9       6.9      -0.25    
  -1.7       5.2      -0.25    
  -1.7       5.4      -0.25    
  -1.7       5.6      -0.25    
  -1.7       5.7      -0.25    
  -1.7       5.9      -0.25    
  -1.7       6.2      -0.25    
  -1.7       6.4      -0.25    
  -1.7       6.6      -0.25    
  -1.5       5.2      -0.25    
  -1.5       5.5      -0.25    
  -1.5       5.7      -0.25    
  -1.5       5.8      -0.25    
  -1.5       6        -0.25    
  -1.5       6.2      -0.25    
  -1.5       6.4      -0.25    
  -1.5       6.7      -0.25    
  -1.3       5.2      -0.25    
  -1.3       5.4      -0.25    
  -1.3       5.6      -0.25    
  -1.3       5.8      -0.25    
  -1.3       6.1      -0.25    
  -1.3       6.3      -0.25    
  -1.3       6.5      -0.25    
  -1.3       6.7      -0.25    
  -1.1       5.2      -0.25    
  -1.1       5.4      -0.25    
  -1.1       5.6      -0.25    
  -1.1       5.8      -0.25    
  -1.1       6        -0.25    
  -1.1       6.2      -0.25    
  -1.1       6.4      -0.25    
  -1.1       6.6      -0.25    
  -0.92      5.2      -0.25    
  -0.92      5.5      -0.25    
  -0.92      5.7      -0.25    
  -0.92      5.8      -0.25    
  -0.92      6        -0.25    
  -0.92      6.2      -0.25    
  -0.92      6.4      -0.25    
  -0.92      6.6      -0.25    
  -0.69      5.2      -0.25    
  -0.69      5.5      -0.25    
  -0.69      5.7      -0.25    
  -0.69      5.9      -0.25    
  -0.69      6        -0.25    
  -0.69      6.3      -0.25    
  -0.69      6.5      -0.25    
  -0.69      6.7      -0.25    
  -0.5       5.2      -0.25    
  -0.5       5.4      -0.25    
  -0.5       5.6      -0.25    
  -0.5       5.8      -0.25    
  -0.5       6        -0.25    
  -0.5       6.2      -0.25    
  -0.5       6.4      -0.25    
  -0.5       6.6      -0.25    
  -1.5       4         0       
  -1.5       2         0       
   0.011     1.2e-05   1.2     
   0.012     3.7e-05   1.2     
   0.012     3.7e-05   1.2     
   0.0084    0.11      1.1     
   0.0084    0.11      1.1     
   0.053     0.12      1.1     
   0.053     0.12      1.1     
   0.032     0.11      0.93    
   0.032     0.11      0.93    
   0.0051    0.12      0.72    
   0.0051    0.12      0.72    
  -0.018     0.12      0.53    
  -0.018     0.12      0.53    
   0.007     0.12      0.5     
  -0.071     0.15      0.5     
  -0.071     0.096     0.5     
   0.096     0.15      0.47    
   0.095     0.09      0.47    
   0.0082   -0.11      1.1     
   0.0082   -0.11      1.1     
   0.053    -0.12      1.1     
   0.053    -0.12      1.1     
   0.032    -0.11      0.93    
   0.032    -0.11      0.93    
   0.0048   -0.12      0.72    
   0.0048   -0.12      0.72    
  -0.019    -0.12      0.53    
  -0.019    -0.12      0.53    
   0.0068   -0.12      0.5     
  -0.071    -0.095     0.5     
  -0.071    -0.15      0.5     
   0.095    -0.09      0.47    
   0.095    -0.15      0.47    
   0.018    -3.6e-05   1.3     
   0.01     -5.2e-05   1.3     
   0.015     0.0018    1.5     
   0.015     0.0018    1.5     
   0.012     0.00062   1.5     
   0.012     0.00062   1.5     
   0.016    -0.0007    1.7     
   0.016    -0.0007    1.7     
   0.014     4.7e-05   1.3     
   0.014     4.7e-05   1.3     
   0.014     0.14      1.6     
   0.014     0.14      1.6     
   0.016     0.15      1.5     
   0.013     0.15      1.5     
   0.031     0.14      1.4     
   0.031     0.14      1.4     
   0.049     0.16      1.3     
   0.049     0.16      1.3     
   0.068     0.15      1.3     
   0.068     0.15      1.3     
   0.082     0.15      1.2     
   0.082     0.15      1.2     
   0.099     0.15      1.2     
   0.099     0.15      1.2     
   0.13      0.15      1.1     
   0.013    -0.14      1.6     
   0.014    -0.14      1.6     
   0.016    -0.15      1.5     
   0.013    -0.15      1.5     
   0.031    -0.14      1.4     
   0.031    -0.14      1.4     
   0.049    -0.16      1.3     
   0.049    -0.16      1.3     
   0.068    -0.15      1.3     
   0.068    -0.15      1.3     
   0.082    -0.15      1.2     
   0.082    -0.15      1.2     
   0.098    -0.16      1.2     
   0.098    -0.16      1.2     
   0.13     -0.15      1.1     

GEOM_XMAT
   1         0         0         0         1         0         0         0         1       
   1         0         0         0         1         0         0         0         1       
   1         0         0         0         1         0         0         0         1       
   0.88     -0        -0.48      0         1        -0         0.48      0         0.88    
   1         0         0         0         1         0         0         0         1       
   1         0         0         0         1         0         0         0         1       
   1         0         0         0         1         0         0         0         1       
   1         0         0         0         1         0         0         0         1       
   1         0         0         0         1         0         0         0         1       
   1         0         0         0         1         0         0         0         1       
   1         0         0         0         1         0         0         0         1       
   1         0         0         0         1         0         0         0         1       
   1         0         0         0         1         0         0         0         1       
   1         0         0         0         1         0         0         0         1       
   1         0         0         0         1         0         0         0         1       
   1         0         0         0         1         0         0         0         1       
   1         0         0         0         1         0         0         0         1       
   1         0         0         0         1         0         0         0         1       
   1         0         0         0         1         0         0         0         1       
   1         0         0         0         1         0         0         0         1       
   1         0         0         0         1         0         0         0         1       
   1         0         0         0         1         0         0         0         1       
   1         0         0         0         1         0         0         0         1       
   1         0         0         0         1         0         0         0         1       
   0.99      0.086     0.1      -0.1       0.98      0.17     -0.083    -0.18      0.98    
   0.98     -0.18      0.017     0.18      0.98     -0.085    -0.00099   0.086     1       
   0.98     -0.19      0.0032    0.19      0.97     -0.14      0.024     0.14      0.99    
   1         0.098     0.0066   -0.095     0.98     -0.19     -0.025     0.19      0.98    
   0.99     -0.13     -0.078     0.13      0.99      0.077     0.067    -0.087     0.99    
   0.99      0.13      0.045    -0.13      0.98      0.17     -0.022    -0.18      0.98    
   0.99     -0.13     -0.085     0.13      0.99     -0.092     0.096     0.08      0.99    
   0.99      0.02     -0.11     -0.031     1        -0.088     0.11      0.09      0.99    
   0.97     -0.15      0.2       0.16      0.99     -0.047    -0.19      0.078     0.98    
   0.99     -0.08      0.12      0.077     1         0.031    -0.13     -0.021     0.99    
   1        -0.0078    0.049     0.015     0.99     -0.16     -0.047     0.16      0.99    
   0.99     -0.065     0.13      0.075     0.99     -0.077    -0.12      0.086     0.99    
   0.98     -0.14     -0.12      0.13      0.98     -0.14      0.14      0.12      0.98    
   0.99      0.0035    0.15      0.008     1        -0.078    -0.15      0.078     0.99    
   0.99     -0.091    -0.11      0.11      0.98      0.18      0.094    -0.19      0.98    
   1        -0.04     -0.025     0.036     0.99     -0.12      0.029     0.12      0.99    
   0.97      0.18      0.15     -0.15      0.97     -0.22     -0.19      0.19      0.96    
   0.98     -0.16     -0.054     0.16      0.99     -0.056     0.063     0.046     1       
   0.97      0.17     -0.15     -0.14      0.97      0.19      0.17     -0.16      0.97    
   0.99     -0.046    -0.15      0.029     0.99     -0.11      0.16      0.11      0.98    
   0.99     -0.029    -0.11      0.031     1         0.021     0.11     -0.025     0.99    
   0.99     -0.0079   -0.16      0.0092    1         0.0072    0.16     -0.0086    0.99    
   0.98      0.2      -0.022    -0.2       0.98      0.079     0.037    -0.074     1       
   0.97     -0.18      0.15      0.17      0.98      0.11     -0.17     -0.078     0.98    
   1         0.0024   -0.041    -0.0022    1         0.0066    0.041    -0.0065    1       
   0.99      0.12     -0.037    -0.12      0.98     -0.15      0.019     0.15      0.99    
   0.98      0.12     -0.17     -0.13      0.99     -0.09      0.15      0.11      0.98    
   0.99     -0.091     0.12      0.11      0.98     -0.15     -0.11      0.16      0.98    
   0.99      0.11     -0.066    -0.11      0.99     -0.039     0.062     0.046     1       
   0.99      0.071    -0.14     -0.085     0.99     -0.097     0.14      0.11      0.98    
   0.98      0.053    -0.19     -0.081     0.99     -0.14      0.18      0.16      0.97    
   0.98      0.18     -0.1      -0.16      0.96      0.21      0.14     -0.19      0.97    
   1         0.01      0.091    -0.016     1         0.058    -0.091    -0.06      0.99    
   0.98      0.038    -0.18     -0.013     0.99      0.14      0.18     -0.14      0.97    
   0.98     -0.13      0.14      0.14      0.99     -0.093    -0.13      0.11      0.99    
   1        -0.0033    0.064     0.009     1        -0.089    -0.064     0.09      0.99    
   1        -0.055    -0.062     0.052     1        -0.051     0.065     0.047     1       
   0.97     -0.14      0.21      0.17      0.97     -0.15     -0.18      0.18      0.97    
   1        -0.079    -0.045     0.07      0.98     -0.16      0.057     0.16      0.99    
   0.99      0.031    -0.097    -0.041     0.99     -0.1       0.093     0.11      0.99    
   1         0.0076   -0.012    -0.0086    1        -0.088     0.011     0.088     1       
   0.99      0.13     -0.00098  -0.13      0.99      0.072     0.01     -0.071     1       
   0.99      0.036     0.13     -0.013     0.98     -0.18     -0.13      0.18      0.97    
   0.97      0.17     -0.19     -0.16      0.99      0.068     0.2      -0.037     0.98    
   1        -0.017     0.078     0.0026    0.98      0.18     -0.08     -0.18      0.98    
   0.99     -0.012     0.099     0.011     1         0.013    -0.099    -0.011     0.99    
   1         0.073    -0.04     -0.075     1        -0.034     0.038     0.037     1       
   0.99      0.0081    0.11      0.00026   1        -0.073    -0.11      0.073     0.99    
   0.99      0.088    -0.047    -0.083     0.99      0.097     0.055    -0.092     0.99    
   0.99      0.065    -0.099    -0.082     0.98     -0.18      0.085     0.18      0.98    
   0.99     -0.12     -0.11      0.12      0.99     -0.018     0.11      0.005     0.99    
   0.98     -0.13      0.17      0.15      0.98     -0.12     -0.15      0.14      0.98    
   1        -0.014    -0.069     0.019     1         0.073     0.068    -0.074     0.99    
   0.98     -0.14     -0.13      0.13      0.99     -0.044     0.13      0.026     0.99    
   1         0.025     0.072    -0.012     0.98     -0.18     -0.076     0.18      0.98    
   0.99      0.16      0.028    -0.16      0.98     -0.13     -0.048     0.12      0.99    
   1         0.079     0.027    -0.073     0.98     -0.17     -0.041     0.17      0.98    
   0.97      0.18     -0.15     -0.17      0.98      0.059     0.15     -0.033     0.99    
   0.99      0.083    -0.065    -0.092     0.98     -0.16      0.051     0.16      0.99    
   0.98      0.068    -0.19     -0.082     0.99     -0.066     0.18      0.08      0.98    
   0.98     -0.18      0.018     0.18      0.97      0.14     -0.043    -0.13      0.99    
   0.99     -0.12     -0.0021    0.12      0.99      0.033    -0.0019   -0.033     1       
   0.98      0.13      0.12     -0.11      0.98     -0.18     -0.14      0.16      0.98    
   1        -0.01     -0.017     0.01      1        -0.00066   0.017     0.00048   1       
   0.98      0.09      0.17     -0.093     1         0.011    -0.17     -0.027     0.98    
   0.98      0.096    -0.2      -0.09      1         0.042     0.2      -0.023     0.98    
   0.98      0.18      0.1      -0.19      0.98      0.084    -0.086    -0.1       0.99    
   0.97      0.19     -0.14     -0.18      0.98      0.055     0.15     -0.028     0.99    
   0.98     -0.18      0.047     0.19      0.98     -0.11     -0.025     0.12      0.99    
   0.99     -0.012     0.11      2.9e-05   0.99      0.11     -0.11     -0.11      0.99    
   0.99      0.077     0.077    -0.074     1        -0.041    -0.079     0.035     1       
   0.99      0.065     0.12     -0.065     1        -0.0035   -0.12     -0.0042    0.99    
   0.98     -0.013     0.19     -0.017     0.99      0.15     -0.19     -0.15      0.97    
   0.98     -0.14      0.13      0.14      0.99     -0.033    -0.13      0.051     0.99    
   0.99      0.11      0.022    -0.11      0.99      0.014    -0.021    -0.016     1       
   0.99     -0.022    -0.14      0.009     1        -0.093     0.14      0.091     0.99    
   0.97      0.15      0.17     -0.13      0.99     -0.096    -0.18      0.071     0.98    
   1         0.023     0.074    -0.018     1        -0.065    -0.075     0.063     1       
   0.98     -0.016    -0.2       0.036     0.99      0.097     0.19     -0.1       0.98    
   0.99     -0.13     -0.083     0.14      0.99      0.096     0.07     -0.11      0.99    
   1         0         0         0         1         0         0         0         1       
   0.0008    1         0        -1         0.0008   -0        -0         0         1       
   1         0.00098   0.026    -0.00096   1        -0.00064  -0.026     0.00061   1       
   0.00038   0.0027    1         1         0.0011   -0.00038  -0.0011    1        -0.0027  
   0.00038   0.0027    1         1         0.0011   -0.00038  -0.0011    1        -0.0027  
   0.99     -0.13     -0.012     0.093     0.79     -0.6       0.085     0.6       0.8     
   0.99     -0.13     -0.012     0.093     0.79     -0.6       0.085     0.6       0.8     
   0.98      0.014     0.22     -0.015     1         0.0026   -0.22     -0.0058    0.98    
   0.98      0.014     0.22     -0.015     1         0.0026   -0.22     -0.0058    0.98    
  -0.055    -0.94      0.32      1        -0.045     0.038    -0.021     0.33      0.95    
  -0.055    -0.94      0.32      1        -0.045     0.038    -0.021     0.33      0.95    
   0.15     -0.99      0.056     0.99      0.16      0.056    -0.064     0.047     1       
   0.15     -0.99      0.056     0.99      0.16      0.056    -0.064     0.047     1       
   0.0041   -0.7       0.71      1         0.00086  -0.005     0.0029    0.71      0.7     
   0.0041   -0.7       0.71      1         0.00086  -0.005     0.0029    0.71      0.7     
   0.28     -0.0048    0.96     -0.0056   -1        -0.0033    0.96     -0.0044   -0.28    
   0.98      0.0041    0.2      -0.0035    1        -0.0035   -0.2       0.0027    0.98    
   0.98      0.0041    0.2      -0.0035    1        -0.0035   -0.2       0.0027    0.98    
   0.98      0.0041    0.2      -0.0035    1        -0.0035   -0.2       0.0027    0.98    
   0.98      0.0041    0.2      -0.0035    1        -0.0035   -0.2       0.0027    0.98    
   0.99      0.13     -0.01     -0.095     0.79      0.6       0.085    -0.6       0.8     
   0.99      0.13     -0.01     -0.095     0.79      0.6       0.085    -0.6       0.8     
   0.98     -0.012     0.22      0.013     1        -0.0033   -0.22      0.0059    0.98    
   0.98     -0.012     0.22      0.013     1        -0.0033   -0.22      0.0059    0.98    
   0.057    -0.94      0.32      1         0.047    -0.038     0.021     0.33      0.95    
   0.057    -0.94      0.32      1         0.047    -0.038     0.021     0.33      0.95    
  -0.15     -0.99      0.056     0.99     -0.15     -0.056     0.064     0.047     1       
  -0.15     -0.99      0.056     0.99     -0.15     -0.056     0.064     0.047     1       
  -0.002    -0.7       0.71      1         0.00049   0.0033   -0.0027    0.71      0.7     
  -0.002    -0.7       0.71      1         0.00049   0.0033   -0.0027    0.71      0.7     
   0.28      0.0026    0.96      0.0047   -1         0.0014    0.96      0.0042   -0.28    
   0.98     -0.002     0.2       0.0014    1         0.0028   -0.2      -0.0025    0.98    
   0.98     -0.002     0.2       0.0014    1         0.0028   -0.2      -0.0025    0.98    
   0.98     -0.002     0.2       0.0014    1         0.0028   -0.2      -0.0025    0.98    
   0.98     -0.002     0.2       0.0014    1         0.0028   -0.2      -0.0025    0.98    
  -0.15     -0.00067   0.99     -0.00036  -1        -0.00073   0.99     -0.00046   0.15    
   1         0.00091   0.026    -0.00086   1        -0.0019   -0.026     0.0019    1       
   1        -0.0034    0.0038    0.0034    1        -0.006    -0.0037    0.006     1       
   1        -0.0034    0.0038    0.0034    1        -0.006    -0.0037    0.006     1       
  -0.0013   -0.07      1        -0.0017   -1        -0.07      1        -0.0018    0.0012  
  -0.0013   -0.07      1        -0.0017   -1        -0.07      1        -0.0018    0.0012  
   1        -0.00019   0.038     0.00026   1        -0.002    -0.038     0.002     1       
   1        -0.00019   0.038     0.00026   1        -0.002    -0.038     0.002     1       
  -0.0062   -1        -0.0024   -0.002     0.0024   -1         1        -0.0062   -0.002   
  -0.0062   -1        -0.0024   -0.002     0.0024   -1         1        -0.0062   -0.002   
   0.021    -1        -0.058     0.64      0.058    -0.76      0.77     -0.021     0.64    
   0.061    -0.00036   1         0.28      0.96     -0.016    -0.96      0.28      0.058   
   0.012    -1        -0.056     1         0.017    -0.091     0.091    -0.055     0.99    
   1         0.016    -0.058    -0.016     1        -0.011     0.058     0.012     1       
  -0.11     -0.95     -0.3       0.99     -0.14      0.089    -0.13     -0.29      0.95    
  -0.11     -0.95     -0.3       0.99     -0.14      0.089    -0.13     -0.29      0.95    
   0.14      0.97      0.19      0.95     -0.077    -0.31     -0.28      0.23     -0.93    
   0.14      0.97      0.19      0.95     -0.077    -0.31     -0.28      0.23     -0.93    
   0.95     -0.31      0.019     0.025     0.017    -1         0.31      0.95      0.024   
   0.95     -0.31      0.019     0.025     0.017    -1         0.31      0.95      0.024   
   0.71     -0.62      0.35     -0.67     -0.74      0.037     0.23     -0.26     -0.94    
   0.71     -0.62      0.35     -0.67     -0.74      0.037     0.23     -0.26     -0.94    
  -0.071    -0.4       0.92      0.99     -0.13      0.021     0.11      0.91      0.4     
  -0.071    -0.4       0.92      0.99     -0.13      0.021     0.11      0.91      0.4     
   0.1       0.94      0.33      0.97     -0.025    -0.24     -0.21      0.34     -0.91    
  -0.021    -1        -0.057     0.64     -0.057     0.76     -0.76     -0.021     0.64    
   0.06      0.0021    1        -0.27      0.96      0.014    -0.96     -0.27      0.058   
  -0.0096   -1        -0.056     1        -0.015     0.09     -0.091    -0.055     0.99    
   1        -0.014    -0.059     0.014     1         0.011     0.058    -0.011     1       
   0.11     -0.95     -0.31      0.99      0.14     -0.089     0.13     -0.29      0.95    
   0.11     -0.95     -0.31      0.99      0.14     -0.089     0.13     -0.29      0.95    
  -0.14      0.97      0.19      0.95      0.075     0.31      0.28      0.23     -0.93    
  -0.14      0.97      0.19      0.95      0.075     0.31      0.28      0.23     -0.93    
   0.95     -0.31     -0.02     -0.027    -0.017    -1         0.31      0.95     -0.025   
   0.95     -0.31     -0.02     -0.027    -0.017    -1         0.31      0.95     -0.025   
   0.69      0.63      0.34      0.69     -0.73     -0.037     0.23      0.26     -0.94    
   0.69      0.63      0.34      0.69     -0.73     -0.037     0.23      0.26     -0.94    
   0.073    -0.4       0.92      0.99      0.13     -0.023    -0.11      0.91      0.4     
   0.073    -0.4       0.92      0.99      0.13     -0.023    -0.11      0.91      0.4     
  -0.1       0.94      0.33      0.97      0.023     0.24      0.21      0.34     -0.91    

SITE_XPOS
   0.013    -2.3e-05   1.3     
  -0.026    -0.0025    1.5     

SITE_XMAT
   1         0.00098   0.026    -0.00097   1        -0.00048  -0.026     0.00045   1       
   1         0.00091   0.026    -0.00086   1        -0.0019   -0.026     0.0019    1       

LIGHT_XPOS
   0         0         1.5     

LIGHT_XDIR
   0         0        -1       

SUBTREE_COM
   0.02     -0.00011   1.2     
   0.02     -0.00011   1.2     
   0.016     0.12      0.89    
   0.017     0.12      0.83    
   0.0051    0.12      0.74    
  -0.00022   0.12      0.66    
   0.004     0.12      0.51    
   0.0066    0.12      0.5     
   0.016    -0.12      0.89    
   0.017    -0.12      0.83    
   0.0048   -0.12      0.74    
  -0.0005   -0.12      0.66    
   0.0037   -0.12      0.51    
   0.0063   -0.12      0.5     
   0.026    -0.00028   1.5     
   0.026    -0.00029   1.5     
   0.026    -0.00029   1.5     
   0.044     0.15      1.4     
   0.051     0.15      1.3     
   0.061     0.15      1.3     
   0.075     0.15      1.3     
   0.092     0.15      1.2     
   0.095     0.15      1.2     
   0.12      0.16      1.1     
   0.043    -0.15      1.4     
   0.051    -0.15      1.3     
   0.061    -0.15      1.3     
   0.074    -0.15      1.3     
   0.091    -0.15      1.2     
   0.094    -0.15      1.2     
   0.12     -0.16      1.1     

CDOF
   0         0         0         1         0         0       
   0         0         0         0         1         0       
   0         0         0         0         0         1       
   1        -0.00097  -0.026     7.6e-05   0.081    -8e-05   
   0.00098   1         0.00045  -0.081     8.3e-05  -0.0071  
   0.026    -0.00048   1         0.00013   0.0092    1.1e-06 
   0.00098   1         0.00045   0.022    -1.7e-05  -0.0098  
   0.99     -0.001     0.13      0.015    -0.05     -0.12    
  -0.13     -0.0023    0.99      0.12     -0.0073    0.015   
   0.0041    1         0.0029    0.36     -0.0014   -0.024   
   0.0041    1         0.0029    0.66     -0.0026   -0.033   
   0.98     -0.0035   -0.2      -0.027    -0.67     -0.12    
   0.00098   1         0.00045   0.022    -1.7e-05  -0.0098  
   0.99     -0.001     0.13     -0.016    -0.05      0.12    
  -0.13      0.0024    0.99     -0.12     -0.007    -0.015   
  -0.002     1        -0.0027    0.36      0.00065  -0.024   
  -0.002     1        -0.0027    0.66      0.0012   -0.033   
   0.98      0.0014   -0.2       0.025    -0.67      0.12    
   0.026    -0.00048   1         0.00013   0.0092    1.1e-06 
   1        -0.00086  -0.026     9.8e-05   0.12     -6.5e-05 
   0.00091   1         0.0019   -0.14      0.00014  -0.0096  
  -0.00036   0.96      0.28     -0.33      0.0018   -0.0065  
   1        -0.016     0.058     0.014     0.37     -0.14    
  -0.058    -0.011     1         0.15     -0.016     0.0086  
  -0.018     1         0.01     -0.19     -0.0036    0.023   
   0.31      0.015    -0.95     -0.15      0.069    -0.047   
  -0.029     1         0.0067   -0.053    -0.0019    0.059   
   0.93      0.025     0.37      0.056    -0.016    -0.14    
   0.0021    0.96     -0.27     -0.33     -0.0011   -0.0065  
   1         0.014     0.058    -0.014     0.37      0.14    
  -0.059     0.011     1        -0.15     -0.016    -0.0087  
   0.02      1        -0.0094   -0.19      0.0039    0.023   
   0.31     -0.015    -0.95      0.15      0.068     0.047   
   0.031     1        -0.0057   -0.052     0.0019    0.059   
   0.93     -0.027     0.37     -0.056    -0.016     0.14    

CINERT
   0         0         0         0         0         0         0         0         0         0       
   0.011     0.0097    0.0082    3.1e-06   0.00011  -1.7e-06  -0.035     0.00047   0.019     3.8     
   0.022     0.0046    0.018     0.0013   -0.00057   0.0074   -0.011     0.15     -0.064     1.4     
   0.051     0.032     0.023    -0.0053    0.0059    0.024     0.046     0.18     -0.21      1.5     
   0.21      0.19      0.022     0.00081  -0.0058    0.059    -0.012     0.18     -0.56      1.7     
   0.48      0.45      0.032     0.0052   -0.02      0.11     -0.042     0.24     -0.92      1.9     
   0.032     0.031     0.0012    0.00033  -0.0018    0.0058   -0.0028    0.0089   -0.048     0.074   
   0.3       0.3       0.011     0.00099  -0.0053    0.051    -0.0081    0.073    -0.42      0.61    
   0.022     0.0046    0.018    -0.0013   -0.00059  -0.0074   -0.011    -0.15     -0.065     1.4     
   0.051     0.032     0.023     0.0053    0.0059   -0.024     0.046    -0.18     -0.21      1.5     
   0.21      0.19      0.022    -0.00084  -0.0059   -0.059    -0.012    -0.18     -0.56      1.7     
   0.48      0.46      0.032    -0.0053   -0.021    -0.11     -0.042    -0.24     -0.93      1.9     
   0.032     0.031     0.0012   -0.00033  -0.0018   -0.0057   -0.0028   -0.0089   -0.048     0.074   
   0.3       0.3       0.01     -0.001    -0.0054   -0.051    -0.0083   -0.073    -0.42      0.61    
   0.0025    0.0026    0.00016  -1.8e-06   5.3e-05  -1.9e-06  -0.00064   1.8e-05   0.024     0.24    
   0.00076   0.00076   8.6e-06  -8.2e-08   5.8e-05   1.2e-06  -0.00046  -8.5e-06   0.0059    0.047   
   1.1       1.1       0.033    -9.8e-05   0.019     0.00036  -0.069    -0.00043   3         9.6     
   0.11      0.1       0.014     0.00059   0.0016   -0.037    -0.0044    0.099     0.27      0.72    
   0.075     0.061     0.015     0.00023   0.00049  -0.029    -0.0015    0.095     0.2       0.64    
   0.045     0.029     0.016    -0.0016   -0.002    -0.021     0.011     0.11      0.14      0.73    
   0.024     0.01      0.015    -0.0029   -0.0023   -0.011     0.019     0.092     0.074     0.6     
   0.0025    0.0007    0.0022   -0.00063  -0.0003   -0.00096   0.0041    0.013     0.0063    0.085   
   0.012     0.0028    0.013    -0.0046   -0.00088  -0.0023    0.03      0.074     0.016     0.48    
   0.0074    0.0039    0.0088   -0.0039    0.0015    0.0021    0.025     0.04     -0.014     0.25    
   0.11      0.1       0.014    -0.00062   0.0017    0.037    -0.0046   -0.099     0.27      0.72    
   0.075     0.061     0.015    -0.00025   0.00055   0.029    -0.0017   -0.096     0.2       0.64    
   0.045     0.029     0.016     0.0016   -0.002     0.021     0.011    -0.11      0.14      0.73    
   0.024     0.01      0.015     0.0029   -0.0023    0.011     0.019    -0.093     0.074     0.6     
   0.0025    0.00069   0.0023    0.00062  -0.0003    0.00096   0.0041   -0.013     0.0062    0.085   
   0.012     0.0027    0.013     0.0045   -0.00086   0.0023    0.03     -0.074     0.015     0.48    
   0.0075    0.0039    0.0089    0.0039    0.0015   -0.0022    0.025    -0.04     -0.014     0.25    

ACTUATOR_LENGTH
   0.015   
   0.002   
  -0.0034  
  -0.012   
   0.17    
  -0.00016 
   0.015   
  -0.0027  
   0.0034  
  -0.012   
   0.17    
   0.00016 
   0.00011 
   0.0014  
  -0.032   
  -0.055   
   0.0098  
   0.034   
   1.3     
  -0.011   
  -0.055   
   0.0084  
  -0.055   
  -0.013   
  -0.034   
   1.3     
   0.012   
  -0.054   
  -0.0097  

actuator_moment
-------------------------------------
       x                             |
        x                            |
         x                           |
          x                          |
           x                         |
            x                        |
             x                       |
              x                      |
               x                     |
                x                    |
                 x                   |
                  x                  |
                   x                 |
                    x                |
                     x               |
                      x              |
                       x             |
                        x            |
                         x           |
                          x          |
                           x         |
                            x        |
                             x       |
                              x      |
                               x     |
                                x    |
                                 x   |
                                  x  |
                                   x |
-------------------------------------

ACTUATOR_MOMENT
     6:  1       
     7:  1       
     8:  1       
     9:  1       
    10:  1       
    11:  1       
    12:  1       
    13:  1       
    14:  1       
    15:  1       
    16:  1       
    17:  1       
    18:  1       
    19:  1       
    20:  1       
    21:  1       
    22:  1       
    23:  1       
    24:  1       
    25:  1       
    26:  1       
    27:  1       
    28:  1       
    29:  1       
    30:  1       
    31:  1       
    32:  1       
    33:  1       
    34:  1       

CRB
   0         0         0         0         0         0         0         0         0         0       
   3.9       3.5       0.43     -0.00037  -0.041     0.0014   -9.7e-17   0         2.7e-15   35      
   1.1       1         0.11      0.0033   -0.028     0.26     -0.029     0.83     -2.2       7.2     
   1.1       1         0.089     0.002    -0.027     0.25     -0.018     0.68     -2.2       5.8     
   1         0.97      0.066     0.0074   -0.033     0.23     -0.065     0.5      -2         4.3     
   0.82      0.78      0.044     0.0066   -0.028     0.17     -0.053     0.32     -1.4       2.6     
   0.34      0.33      0.012     0.0013   -0.0071    0.057    -0.011     0.082    -0.47      0.68    
   0.3       0.3       0.011     0.00099  -0.0053    0.051    -0.0081    0.073    -0.42      0.61    
   1.1       1         0.11     -0.0035   -0.028    -0.26     -0.031    -0.83     -2.2       7.2     
   1.1       1         0.089    -0.0022   -0.028    -0.25     -0.02     -0.68     -2.2       5.8     
   1         0.97      0.065    -0.0075   -0.034    -0.23     -0.066    -0.5      -2         4.3     
   0.82      0.78      0.044    -0.0066   -0.028    -0.17     -0.054    -0.32     -1.4       2.6     
   0.34      0.33      0.012    -0.0013   -0.0072   -0.057    -0.011    -0.082    -0.47      0.68    
   0.3       0.3       0.01     -0.001    -0.0054   -0.051    -0.0083   -0.073    -0.42      0.61    
   1.6       1.5       0.2      -0.0002    0.016     0.0006    0.095    -0.0029    4.4       17      
   1.6       1.5       0.2      -0.0002    0.016     0.0006    0.096    -0.0029    4.4       17      
   1.6       1.5       0.2      -0.0002    0.016     0.0006    0.096    -0.0029    4.4       17      
   0.28      0.21      0.084    -0.013    -0.0019   -0.1       0.083     0.52      0.69      3.5     
   0.17      0.11      0.07     -0.013    -0.0035   -0.063     0.088     0.42      0.42      2.8     
   0.091     0.047     0.056    -0.014    -0.004    -0.034     0.089     0.33      0.23      2.2     
   0.046     0.017     0.039    -0.012    -0.002    -0.013     0.078     0.22      0.082     1.4     
   0.022     0.0073    0.024    -0.0091    0.00032  -0.0012    0.059     0.13      0.008     0.82    
   0.019     0.0067    0.022    -0.0084    0.00062  -0.00022   0.055     0.11      0.0017    0.74    
   0.0074    0.0039    0.0088   -0.0039    0.0015    0.0021    0.025     0.04     -0.014     0.25    
   0.28      0.21      0.085     0.013    -0.0016    0.1       0.082    -0.52      0.69      3.5     
   0.17      0.11      0.071     0.013    -0.0033    0.063     0.087    -0.42      0.42      2.8     
   0.091     0.047     0.056     0.014    -0.0039    0.034     0.088    -0.33      0.22      2.2     
   0.046     0.017     0.04      0.012    -0.0019    0.013     0.078    -0.22      0.081     1.4     
   0.022     0.0073    0.024     0.0091    0.00036   0.0011    0.059    -0.13      0.0075    0.82    
   0.02      0.0066    0.022     0.0084    0.00066   0.00015   0.055    -0.11      0.0013    0.74    
   0.0075    0.0039    0.0089    0.0039    0.0015   -0.0022    0.025    -0.04     -0.014     0.25    

QM
   35      
   0         35      
   0         0         35      
   0.0027    2.8      -0.0028    4.1     
  -2.8       0.0029   -0.25     -2.1e-05   3.7     
   0.0044    0.32      3.8e-05   0.076    -0.00039   0.43    
  -2.1       0.0021   -0.04     -0.011     1.1       0.24      0.93    
   0.0021    1.8      -0.0013    1         5.7e-07   0.015     3.6e-05   0.79    
   0.004    -0.36     -0.00029  -0.21     -0.00079   0.0036   -0.00035  -0.16      0.048   
  -0.46      0.0019   -0.0089   -0.0015    0.32      0.055     0.27      0.001     0.0012    0.13    
  -0.023     0.00013  -0.011    -0.0013    0.019     0.0027    0.017     3.9e-05   4.9e-05   0.0094    0.013   
   4.1e-05   0.01      2.7e-05   0.008    -2.5e-05   0.00018  -2.2e-05   0.0066   -0.0011    3.4e-07   2.6e-07   0.01    
  -2.1       0.0021   -0.04      0.011     1.1      -0.24                                                                  0.93    
   0.0017    1.8       0.0017    1        -0.0001    0.015                                                                -0.00012   0.79    
  -0.0047   -0.36      0.00022  -0.21      0.00083   0.0036                                                                0.00038  -0.16      0.048   
  -0.46     -0.00094  -0.0088    0.0015    0.32     -0.056                                                                 0.27     -0.001    -0.0012    0.13    
  -0.023    -7.5e-05  -0.011     0.0013    0.019    -0.0027                                                                0.017    -3.7e-05  -4.9e-05   0.0094    0.013   
  -2e-05     0.01     -2.5e-05   0.008     2.3e-05   0.00018                                                               2e-05     0.0066   -0.0011   -3.4e-07  -2.6e-07   0.01    
   0.0029    0.13     -1.4e-05   0.023     0.00033   0.21                                                                                                                              0.22    
  -0.0022   -2.5      -0.0039    0.92      7e-05     0.028                                                                                                                             0.028     0.85    
   2.2      -0.0015   -0.26     -8.2e-05   0.71      0.00047                                                                                                                           0.00047   6.6e-06   0.61    
  -0.64      0.03     -0.1      -0.018    -0.0025    0.099                                                                                                                             0.099    -0.017     0.033     0.2     
   0.0085    0.62      0.03     -0.00055  -0.0014    0.032                                                                                                                             0.032     0.021    -0.0018    0.0054    0.19    
  -0.003     0.068     0.00059   0.0026    0.00015   0.0063                                                                                                                            0.0063    0.005     0.00032   0.0026    0.023     0.014   
  -0.19     -0.0029   -0.049    -0.0084    0.016     0.028                                                                                                                             0.028    -0.0085    0.026     0.07     -0.0027    0.00035   0.044   
  -0.00022  -0.0021   -0.00011  -0.00019   1.8e-05  -0.00055                                                                                                                          -0.00055  -0.00027   2.9e-05  -7.8e-05  -0.00083  -0.00053   4.1e-05   0.01    
  -0.038    -0.001    -0.015    -0.0026    0.0067    0.0057                                                                                                                            0.0057   -0.0026    0.0089    0.018    -0.0009    3.1e-05   0.01      9.9e-06   0.015   
  -0.0006    0.018     0.00031   0.0029    7e-05     0.0023                                                                                                                            0.0023    0.0036    0.00011   0.00082   0.0083    0.0016    6.6e-05  -0.00018   3.4e-06   0.012   
  -0.65     -0.028    -0.1       0.018    -0.0023   -0.1                                                                                                                              -0.1       0.017     0.033                                                                           0.2     
  -0.0072    0.62     -0.029    -0.00026   0.0014    0.032                                                                                                                             0.032     0.021     0.0019                                                                         -0.0054    0.19    
   0.0032    0.068    -0.00053   0.0026   -0.00015   0.0063                                                                                                                            0.0063    0.005    -0.00031                                                                        -0.0026    0.023     0.014   
  -0.19      0.0032   -0.049     0.0084    0.016    -0.028                                                                                                                            -0.028     0.0085    0.026                                                                           0.07      0.0026   -0.00036   0.044   
   0.00019  -0.0021    9.7e-05  -0.00019  -1.4e-05  -0.00055                                                                                                                          -0.00055  -0.00026  -2.5e-05                                                                         8.6e-05  -0.00083  -0.00052  -3.5e-05   0.01    
  -0.038     0.0011   -0.015     0.0026    0.0068   -0.0057                                                                                                                           -0.0057    0.0026    0.0089                                                                          0.018     0.0009   -3.4e-05   0.01     -6.7e-06   0.015   
   0.00064   0.018    -0.00031   0.003    -6.8e-05   0.0023                                                                                                                            0.0023    0.0036   -9.8e-05                                                                        -0.00082   0.0083    0.0016   -6.7e-05  -0.00018  -3.4e-06   0.012   

M
     0:  35      
     0:  0          1:  35      
     0:  0          1:  0          2:  35      
     0:  0.0027     1:  2.8        2: -0.0028     3:  4.1     
     0: -2.8        1:  0.0029     2: -0.25       3: -2.1e-05    4:  3.7     
     0:  0.0044     1:  0.32       2:  3.8e-05    3:  0.076      4: -0.00039    5:  0.43    
     0: -2.1        1:  0.0021     2: -0.04       3: -0.011      4:  1.1        5:  0.24       6:  0.93    
     0:  0.0021     1:  1.8        2: -0.0013     3:  1          4:  5.7e-07    5:  0.015      6:  3.6e-05    7:  0.79    
     0:  0.004      1: -0.36       2: -0.00029    3: -0.21       4: -0.00079    5:  0.0036     6: -0.00035    7: -0.16       8:  0.048   
     0: -0.46       1:  0.0019     2: -0.0089     3: -0.0015     4:  0.32       5:  0.055      6:  0.27       7:  0.001      8:  0.0012     9:  0.13    
     0: -0.023      1:  0.00013    2: -0.011      3: -0.0013     4:  0.019      5:  0.0027     6:  0.017      7:  3.9e-05    8:  4.9e-05    9:  0.0094    10:  0.013   
     0:  4.1e-05    1:  0.01       2:  2.7e-05    3:  0.008      4: -2.5e-05    5:  0.00018    6: -2.2e-05    7:  0.0066     8: -0.0011     9:  3.4e-07   10:  2.6e-07   11:  0.01    
     0: -2.1        1:  0.0021     2: -0.04       3:  0.011      4:  1.1        5: -0.24      12:  0.93    
     0:  0.0017     1:  1.8        2:  0.0017     3:  1          4: -0.0001     5:  0.015     12: -0.00012   13:  0.79    
     0: -0.0047     1: -0.36       2:  0.00022    3: -0.21       4:  0.00083    5:  0.0036    12:  0.00038   13: -0.16      14:  0.048   
     0: -0.46       1: -0.00094    2: -0.0088     3:  0.0015     4:  0.32       5: -0.056     12:  0.27      13: -0.001     14: -0.0012    15:  0.13    
     0: -0.023      1: -7.5e-05    2: -0.011      3:  0.0013     4:  0.019      5: -0.0027    12:  0.017     13: -3.7e-05   14: -4.9e-05   15:  0.0094    16:  0.013   
     0: -2e-05      1:  0.01       2: -2.5e-05    3:  0.008      4:  2.3e-05    5:  0.00018   12:  2e-05     13:  0.0066    14: -0.0011    15: -3.4e-07   16: -2.6e-07   17:  0.01    
     0:  0.0029     1:  0.13       2: -1.4e-05    3:  0.023      4:  0.00033    5:  0.21      18:  0.22    
     0: -0.0022     1: -2.5        2: -0.0039     3:  0.92       4:  7e-05      5:  0.028     18:  0.028     19:  0.85    
     0:  2.2        1: -0.0015     2: -0.26       3: -8.2e-05    4:  0.71       5:  0.00047   18:  0.00047   19:  6.6e-06   20:  0.61    
     0: -0.64       1:  0.03       2: -0.1        3: -0.018      4: -0.0025     5:  0.099     18:  0.099     19: -0.017     20:  0.033     21:  0.2     
     0:  0.0085     1:  0.62       2:  0.03       3: -0.00055    4: -0.0014     5:  0.032     18:  0.032     19:  0.021     20: -0.0018    21:  0.0054    22:  0.19    
     0: -0.003      1:  0.068      2:  0.00059    3:  0.0026     4:  0.00015    5:  0.0063    18:  0.0063    19:  0.005     20:  0.00032   21:  0.0026    22:  0.023     23:  0.014   
     0: -0.19       1: -0.0029     2: -0.049      3: -0.0084     4:  0.016      5:  0.028     18:  0.028     19: -0.0085    20:  0.026     21:  0.07      22: -0.0027    23:  0.00035   24:  0.044   
     0: -0.00022    1: -0.0021     2: -0.00011    3: -0.00019    4:  1.8e-05    5: -0.00055   18: -0.00055   19: -0.00027   20:  2.9e-05   21: -7.8e-05   22: -0.00083   23: -0.00053   24:  4.1e-05   25:  0.01    
     0: -0.038      1: -0.001      2: -0.015      3: -0.0026     4:  0.0067     5:  0.0057    18:  0.0057    19: -0.0026    20:  0.0089    21:  0.018     22: -0.0009    23:  3.1e-05   24:  0.01      25:  9.9e-06   26:  0.015   
     0: -0.0006     1:  0.018      2:  0.00031    3:  0.0029     4:  7e-05      5:  0.0023    18:  0.0023    19:  0.0036    20:  0.00011   21:  0.00082   22:  0.0083    23:  0.0016    24:  6.6e-05   25: -0.00018   26:  3.4e-06   27:  0.012   
     0: -0.65       1: -0.028      2: -0.1        3:  0.018      4: -0.0023     5: -0.1       18: -0.1       19:  0.017     20:  0.033     28:  0.2     
     0: -0.0072     1:  0.62       2: -0.029      3: -0.00026    4:  0.0014     5:  0.032     18:  0.032     19:  0.021     20:  0.0019    28: -0.0054    29:  0.19    
     0:  0.0032     1:  0.068      2: -0.00053    3:  0.0026     4: -0.00015    5:  0.0063    18:  0.0063    19:  0.005     20: -0.00031   28: -0.0026    29:  0.023     30:  0.014   
     0: -0.19       1:  0.0032     2: -0.049      3:  0.0084     4:  0.016      5: -0.028     18: -0.028     19:  0.0085    20:  0.026     28:  0.07      29:  0.0026    30: -0.00036   31:  0.044   
     0:  0.00019    1: -0.0021     2:  9.7e-05    3: -0.00019    4: -1.4e-05    5: -0.00055   18: -0.00055   19: -0.00026   20: -2.5e-05   28:  8.6e-05   29: -0.00083   30: -0.00052   31: -3.5e-05   32:  0.01    
     0: -0.038      1:  0.0011     2: -0.015      3:  0.0026     4:  0.0068     5: -0.0057    18: -0.0057    19:  0.0026    20:  0.0089    28:  0.018     29:  0.0009    30: -3.4e-05   31:  0.01      32: -6.7e-06   33:  0.015   
     0:  0.00064    1:  0.018      2: -0.00031    3:  0.003      4: -6.8e-05    5:  0.0023    18:  0.0023    19:  0.0036    20: -9.8e-05   28: -0.00082   29:  0.0083    30:  0.0016    31: -6.7e-05   32: -0.00018   33: -3.4e-06   34:  0.012   

QLD
     0:  8.8     
     0:  0.00039    1:  12      
     0:  0.014      1: -0.00051    2:  35      
     0:  0.0022     1:  2.3        2:  0.0028     3:  0.37    
     0: -4.4        1:  0.0042     2:  0.85       3:  5.6e-05    4:  0.13    
     0:  0.00039    1:  1.3        2:  0.00065    3:  0.23       4: -0.00025    5:  0.089   
     0: -3.1        1:  0.014      2: -0.07       3: -0.017      4:  1.3        5:  0.36       6:  0.34    
     0:  0.12       1:  2.5        2: -0.0074     3:  1.3        4: -0.052      5:  0.087      6: -0.041      7:  0.28    
     0:  0.17       1: -7.4        2: -0.005      3: -4.3        4: -0.078      5:  0.065      6: -0.06       7: -3.2        8:  0.048   
     0: -3.7        1:  0.015      2: -0.0045     3: -0.0042     4:  2.5        5:  0.45       6:  2.2        7:  0.0085     8:  0.0094     9:  0.12    
     0: -1.8        1:  0.0098     2: -0.88       3: -0.1        4:  1.5        5:  0.21       6:  1.3        7:  0.003      8:  0.0038     9:  0.74      10:  0.013   
     0:  0.0039     1:  0.96       2:  0.0026     3:  0.77       4: -0.0024     5:  0.018      6: -0.0021     7:  0.64       8: -0.11       9:  3.2e-05   10:  2.5e-05   11:  0.01    
     0: -3.1        1: -0.0076     2: -0.07       3:  0.017      4:  1.3        5: -0.36      12:  0.34    
     0: -0.11       1:  2.5        2:  0.008      3:  1.3        4:  0.052      5:  0.087     12:  0.041     13:  0.28    
     0: -0.19       1: -7.4        2:  0.0035     3: -4.3        4:  0.079      5:  0.065     12:  0.061     13: -3.2       14:  0.048   
     0: -3.7        1: -0.0074     2: -0.0044     3:  0.0046     4:  2.5        5: -0.45      12:  2.2       13: -0.0083    14: -0.0094    15:  0.12    
     0: -1.8        1: -0.0059     2: -0.88       3:  0.11       4:  1.5        5: -0.21      12:  1.3       13: -0.0029    14: -0.0038    15:  0.74      16:  0.013   
     0: -0.0019     1:  0.96       2: -0.0024     3:  0.77       4:  0.0022     5:  0.018     12:  0.002     13:  0.64      14: -0.11      15: -3.3e-05   16: -2.5e-05   17:  0.01    
     0: -0.0076     1:  0.24       2:  6.1e-05    3: -0.004      4: -0.0016     5:  0.9       18:  0.099   
     0: -0.0024     1: -3.1        2: -0.0047     3:  1.1        4:  8.7e-05    5:  0.043     18:  0.043     19:  0.84    
     0:  4          1: -0.0034     2: -0.35       3: -0.00015    4:  1.2        5:  0.00087   18:  0.00087   19: -2.5e-05   20:  0.57    
     0: -4          1:  0.032      2: -0.31       3: -0.053      4: -0.32       5:  0.61      18:  0.61      19: -0.052     20: -0.1       21:  0.087   
     0: -0.00051    1:  3.4        2:  0.17       3: -0.045      4: -0.0029     5:  0.16      18:  0.16      19:  0.075     20: -0.0028    21:  0.042     22:  0.15    
     0: -0.11       1:  4.6        2:  0.064      3:  0.16       4:  0.002      5:  0.41      18:  0.41      19:  0.32      20:  0.0084    21:  0.14      22:  1.5       23:  0.014   
     0: -4.3        1: -0.061      2: -1          3: -0.18       4:  0.3        5:  0.65      18:  0.65      19: -0.18      20:  0.54      21:  1.6       22: -0.056     23:  0.0087    24:  0.037   
     0: -0.019      1: -0.18       2: -0.0089     3: -0.014      4:  0.0014     5: -0.05      18: -0.05      19: -0.02      20:  0.0024    21: -0.0074    22: -0.068     23: -0.048     24:  0.0034    25:  0.01    
     0: -2.6        1: -0.068      2: -1          3: -0.17       4:  0.46       5:  0.38      18:  0.38      19: -0.18      20:  0.6       21:  1.2       22: -0.061     23:  0.0021    24:  0.7       25:  0.00067   26:  0.015   
     0: -0.05       1:  1.5        2:  0.026      3:  0.25       4:  0.0059     5:  0.19      18:  0.19      19:  0.3       20:  0.0089    21:  0.069     22:  0.7       23:  0.14      24:  0.0056    25: -0.015     26:  0.00029   27:  0.012   
     0: -4          1: -0.025      2: -0.31       3:  0.053      4: -0.32       5: -0.62      18: -0.62      19:  0.052     20: -0.1       28:  0.087   
     0:  0.0068     1:  3.4        2: -0.17       3: -0.043      4:  0.0029     5:  0.16      18:  0.16      19:  0.077     20:  0.0034    28: -0.041     29:  0.15    
     0:  0.11       1:  4.6        2: -0.06       3:  0.16       4: -0.0021     5:  0.41      18:  0.41      19:  0.32      20: -0.0072    28: -0.14      29:  1.5       30:  0.014   
     0: -4.3        1:  0.069      2: -1          3:  0.18       4:  0.3        5: -0.65      18: -0.65      19:  0.18      20:  0.54      28:  1.6       29:  0.055     30: -0.0088    31:  0.037   
     0:  0.018      1: -0.18       2:  0.0083     3: -0.014      4: -0.0011     5: -0.05      18: -0.05      19: -0.02      20: -0.0022    28:  0.0079    29: -0.068     30: -0.048     31: -0.003     32:  0.01    
     0: -2.6        1:  0.074      2: -1          3:  0.17       4:  0.46       5: -0.39      18: -0.39      19:  0.18      20:  0.6       28:  1.2       29:  0.061     30: -0.0023    31:  0.7       32: -0.00046   33:  0.015   
     0:  0.054      1:  1.5        2: -0.026      3:  0.25       4: -0.0058     5:  0.19      18:  0.19      19:  0.3       20: -0.0083    28: -0.069     29:  0.7       30:  0.14      31: -0.0056    32: -0.015     33: -0.00029   34:  0.012   

QLDIAGINV
   0.11    
   0.083   
   0.029   
   2.7     
   7.6     
   11      
   2.9     
   3.5     
   21      
   8.3     
   78      
   96      
   2.9     
   3.5     
   21      
   8.3     
   78      
   96      
   10      
   1.2     
   1.7     
   11      
   6.8     
   71      
   27      
   96      
   68      
   84      
   11      
   6.7     
   71      
   27      
   96      
   68      
   84      

M: inertia structure
-------------------------------------
 x                                   |
 xx                                  |
 xxx                                 |
 xxxx                                |
 xxxxx                               |
 xxxxxx                              |
 xxxxxxx                             |
 xxxxxxxx                            |
 xxxxxxxxx                           |
 xxxxxxxxxx                          |
 xxxxxxxxxxx                         |
 xxxxxxxxxxxx                        |
 xxxxxx      x                       |
 xxxxxx      xx                      |
 xxxxxx      xxx                     |
 xxxxxx      xxxx                    |
 xxxxxx      xxxxx                   |
 xxxxxx      xxxxxx                  |
 xxxxxx            x                 |
 xxxxxx            xx                |
 xxxxxx            xxx               |
 xxxxxx            xxxx              |
 xxxxxx            xxxxx             |
 xxxxxx            xxxxxx            |
 xxxxxx            xxxxxxx           |
 xxxxxx            xxxxxxxx          |
 xxxxxx            xxxxxxxxx         |
 xxxxxx            xxxxxxxxxx        |
 xxxxxx            xxx       x       |
 xxxxxx            xxx       xx      |
 xxxxxx            xxx       xxx     |
 xxxxxx            xxx       xxxx    |
 xxxxxx            xxx       xxxxx   |
 xxxxxx            xxx       xxxxxx  |
 xxxxxx            xxx       xxxxxxx |
-------------------------------------

iM: block-diagonal inertia (nnzs are island ids)
-------------------------------------
 0                                   |
 00                                  |
 000                                 |
 0000                                |
 00000                               |
 000000                              |
 0000000                             |
 00000000                            |
 000000000                           |
 0000000000                          |
 00000000000                         |
 000000000000                        |
 000000      0                       |
 000000      00                      |
 000000      000                     |
 000000      0000                    |
 000000      00000                   |
 000000      000000                  |
 000000            0                 |
 000000            00                |
 000000            000               |
 000000            0000              |
 000000            00000             |
 000000            000000            |
 000000            0000000           |
 000000            00000000          |
 000000            000000000         |
 000000            0000000000        |
 000000            000       0       |
 000000            000       00      |
 000000            000       000     |
 000000            000       0000    |
 000000            000       00000   |
 000000            000       000000  |
 000000            000       0000000 |
-------------------------------------

QH
     0:  8.9     
     0:  0.00039    1:  12      
     0:  0.014      1: -0.00051    2:  35      
     0:  0.0022     1:  2.3        2:  0.0028     3:  0.37    
     0: -4.3        1:  0.0042     2:  0.84       3:  5.7e-05    4:  0.13    
     0:  0.00038    1:  1.3        2:  0.00065    3:  0.23       4: -0.00026    5:  0.089   
     0: -3.1        1:  0.014      2: -0.07       3: -0.017      4:  1.3        5:  0.36       6:  0.35    
     0:  0.11       1:  2.5        2: -0.0073     3:  1.3        4: -0.051      5:  0.086      6: -0.04       7:  0.28    
     0:  0.17       1: -7.4        2: -0.005      3: -4.3        4: -0.078      5:  0.065      6: -0.059      7: -3.2        8:  0.048   
     0: -3.7        1:  0.015      2: -0.0058     3: -0.0043     4:  2.5        5:  0.44       6:  2.2        7:  0.0084     8:  0.0094     9:  0.12    
     0: -1.7        1:  0.0096     2: -0.86       3: -0.1        4:  1.5        5:  0.21       6:  1.3        7:  0.003      8:  0.0037     9:  0.73      10:  0.013   
     0:  0.0039     1:  0.94       2:  0.0025     3:  0.75       4: -0.0023     5:  0.017      6: -0.002      7:  0.62       8: -0.11       9:  3.2e-05   10:  2.4e-05   11:  0.011   
     0: -3.1        1: -0.0074     2: -0.07       3:  0.017      4:  1.3        5: -0.36      12:  0.35    
     0: -0.11       1:  2.5        2:  0.0079     3:  1.3        4:  0.051      5:  0.086     12:  0.04      13:  0.29    
     0: -0.19       1: -7.4        2:  0.0034     3: -4.3        4:  0.079      5:  0.065     12:  0.06      13: -3.2       14:  0.048   
     0: -3.7        1: -0.0074     2: -0.0057     3:  0.0047     4:  2.5        5: -0.45      12:  2.2       13: -0.0083    14: -0.0094    15:  0.12    
     0: -1.7        1: -0.0057     2: -0.86       3:  0.1        4:  1.5        5: -0.21      12:  1.3       13: -0.0029    14: -0.0037    15:  0.73      16:  0.013   
     0: -0.0018     1:  0.94       2: -0.0023     3:  0.75       4:  0.0022     5:  0.017     12:  0.0019    13:  0.62      14: -0.11      15: -3.2e-05   16: -2.4e-05   17:  0.011   
     0: -0.0076     1:  0.24       2:  6.7e-05    3: -0.004      4: -0.0016     5:  0.9       18:  0.1     
     0: -0.0024     1: -3.1        2: -0.0047     3:  1.1        4:  8.6e-05    5:  0.043     18:  0.043     19:  0.84    
     0:  4          1: -0.0034     2: -0.35       3: -0.00015    4:  1.2        5:  0.00087   18:  0.00087   19: -2.5e-05   20:  0.57    
     0: -4          1:  0.033      2: -0.31       3: -0.053      4: -0.32       5:  0.61      18:  0.61      19: -0.052     20: -0.097     21:  0.088   
     0: -0.0003     1:  3.4        2:  0.17       3: -0.044      4: -0.0029     5:  0.16      18:  0.16      19:  0.076     20: -0.0029    21:  0.041     22:  0.15    
     0: -0.1        1:  4.6        2:  0.063      3:  0.16       4:  0.002      5:  0.4       18:  0.4       19:  0.32      20:  0.0083    21:  0.14      22:  1.5       23:  0.014   
     0: -4.3        1: -0.061      2: -1          3: -0.18       4:  0.3        5:  0.64      18:  0.64      19: -0.18      20:  0.53      21:  1.5       22: -0.056     23:  0.0087    24:  0.037   
     0: -0.019      1: -0.17       2: -0.0087     3: -0.014      4:  0.0013     5: -0.049     18: -0.049     19: -0.02      20:  0.0023    21: -0.0073    22: -0.067     23: -0.047     24:  0.0033    25:  0.011   
     0: -2.5        1: -0.067      2: -0.99       3: -0.17       4:  0.45       5:  0.38      18:  0.38      19: -0.17      20:  0.59      21:  1.2       22: -0.06      23:  0.002     24:  0.69      25:  0.00066   26:  0.015   
     0: -0.049      1:  1.5        2:  0.025      3:  0.24       4:  0.0058     5:  0.19      18:  0.19      19:  0.3       20:  0.0087    21:  0.068     22:  0.68      23:  0.13      24:  0.0054    25: -0.015     26:  0.00028   27:  0.012   
     0: -4          1: -0.025      2: -0.31       3:  0.053      4: -0.31       5: -0.61      18: -0.61      19:  0.052     20: -0.097     28:  0.088   
     0:  0.0066     1:  3.4        2: -0.17       3: -0.042      4:  0.0029     5:  0.16      18:  0.16      19:  0.077     20:  0.0034    28: -0.041     29:  0.15    
     0:  0.11       1:  4.6        2: -0.059      3:  0.16       4: -0.0021     5:  0.4       18:  0.4       19:  0.32      20: -0.0072    28: -0.14      29:  1.5       30:  0.014   
     0: -4.3        1:  0.068      2: -1          3:  0.18       4:  0.3        5: -0.65      18: -0.65      19:  0.18      20:  0.53      28:  1.5       29:  0.055     30: -0.0088    31:  0.037   
     0:  0.017      1: -0.17       2:  0.0081     3: -0.014      4: -0.0011     5: -0.049     18: -0.049     19: -0.02      20: -0.0021    28:  0.0077    29: -0.067     30: -0.047     31: -0.0029    32:  0.011   
     0: -2.5        1:  0.072      2: -0.98       3:  0.17       4:  0.45       5: -0.38      18: -0.38      19:  0.17      20:  0.59      28:  1.2       29:  0.06      30: -0.0022    31:  0.69      32: -0.00045   33:  0.015   
     0:  0.053      1:  1.5        2: -0.026      3:  0.24       4: -0.0056     5:  0.19      18:  0.19      19:  0.3       20: -0.0081    28: -0.068     29:  0.69      30:  0.13      31: -0.0055    32: -0.015     33: -0.00028   34:  0.012   

QHDIAGINV
   0.11    
   0.083   
   0.029   
   2.7     
   7.5     
   11      
   2.9     
   3.5     
   21      
   8.3     
   77      
   94      
   2.9     
   3.5     
   21      
   8.3     
   77      
   94      
   10      
   1.2     
   1.7     
   11      
   6.7     
   69      
   27      
   94      
   66      
   83      
   11      
   6.7     
   69      
   27      
   94      
   66      
   83      

TREE_AWAKE
  1

BODY_AWAKE
  -1 1 1 1 1 1 1 1 1 1 1 1 1 1 1 1 1 1 1 1 1 1 1 1 1 1 1 1 1 1 1

BODY_AWAKE_IND
  0 1 2 3 4 5 6 7 8 9 10 11 12 13 14 15 16 17 18 19 20 21 22 23 24 25 26 27 28 29 30

PARENT_AWAKE_IND
  1 2 3 4 5 6 7 8 9 10 11 12 13 14 15 16 17 18 19 20 21 22 23 24 25 26 27 28 29 30

DOF_AWAKE_IND
  0 1 2 3 4 5 6 7 8 9 10 11 12 13 14 15 16 17 18 19 20 21 22 23 24 25 26 27 28 29 30 31 32 33 34

CONTACT
  0:
     dim           3
     geoms         112 : 162
     exclude       0
     efc_address   29
     solref         0.02      1       
     solimp         0.9       0.95      0.001     0.5       2       
     dist          -0.00014 
     includemargin  0       
     pos            0.075     0.14      1.2     
     frame          0.88      0.31      0.35     -0.28      0.95     -0.11     -0.37      2.8e-17   0.93    
     friction       1         1         0.005     0.0001    0.0001  
     mu             1       
     force          2.5      -0.081     0.096     0         0         0       
  1:
     dim           3
     geoms         127 : 177
     exclude       0
     efc_address   33
     solref         0.02      1       
     solimp         0.9       0.95      0.001     0.5       2       
     dist          -0.00014 
     includemargin  0       
     pos            0.075    -0.15      1.2     
     frame          0.87     -0.33      0.35      0.31      0.94      0.12     -0.37      1.4e-17   0.93    
     friction       1         1         0.005     0.0001    0.0001  
     mu             1       
     force          2.5       0.13      0.093     0         0         0       

EFC_TYPE
  1
  1
  1
  1
  1
  1
  1
  1
  1
  1
  1
  1
  1
  1
  1
  1
  1
  1
  1
  1
  1
  1
  1
  1
  1
  1
  1
  1
  1
  6
  6
  6
  6
  6
  6
  6
  6

EFC_ID
  6
  7
  8
  9
  10
  11
  12
  13
  14
  15
  16
  17
  18
  19
  20
  21
  22
  23
  24
  25
  26
  27
  28
  29
  30
  31
  32
  33
  34
  0
  0
  0
  0
  1
  1
  1
  1

EFC_J
   0         0         0         0         0         0         1         0         0         0         0         0         0         0         0         0         0         0         0         0         0         0         0         0         0         0         0         0         0         0         0         0         0         0         0       
   0         0         0         0         0         0         0         1         0         0         0         0         0         0         0         0         0         0         0         0         0         0         0         0         0         0         0         0         0         0         0         0         0         0         0       
   0         0         0         0         0         0         0         0         1         0         0         0         0         0         0         0         0         0         0         0         0         0         0         0         0         0         0         0         0         0         0         0         0         0         0       
   0         0         0         0         0         0         0         0         0         1         0         0         0         0         0         0         0         0         0         0         0         0         0         0         0         0         0         0         0         0         0         0         0         0         0       
   0         0         0         0         0         0         0         0         0         0         1         0         0         0         0         0         0         0         0         0         0         0         0         0         0         0         0         0         0         0         0         0         0         0         0       
   0         0         0         0         0         0         0         0         0         0         0         1         0         0         0         0         0         0         0         0         0         0         0         0         0         0         0         0         0         0         0         0         0         0         0       
   0         0         0         0         0         0         0         0         0         0         0         0         1         0         0         0         0         0         0         0         0         0         0         0         0         0         0         0         0         0         0         0         0         0         0       
   0         0         0         0         0         0         0         0         0         0         0         0         0         1         0         0         0         0         0         0         0         0         0         0         0         0         0         0         0         0         0         0         0         0         0       
   0         0         0         0         0         0         0         0         0         0         0         0         0         0         1         0         0         0         0         0         0         0         0         0         0         0         0         0         0         0         0         0         0         0         0       
   0         0         0         0         0         0         0         0         0         0         0         0         0         0         0         1         0         0         0         0         0         0         0         0         0         0         0         0         0         0         0         0         0         0         0       
   0         0         0         0         0         0         0         0         0         0         0         0         0         0         0         0         1         0         0         0         0         0         0         0         0         0         0         0         0         0         0         0         0         0         0       
   0         0         0         0         0         0         0         0         0         0         0         0         0         0         0         0         0         1         0         0         0         0         0         0         0         0         0         0         0         0         0         0         0         0         0       
   0         0         0         0         0         0         0         0         0         0         0         0         0         0         0         0         0         0         1         0         0         0         0         0         0         0         0         0         0         0         0         0         0         0         0       
   0         0         0         0         0         0         0         0         0         0         0         0         0         0         0         0         0         0         0         1         0         0         0         0         0         0         0         0         0         0         0         0         0         0         0       
   0         0         0         0         0         0         0         0         0         0         0         0         0         0         0         0         0         0         0         0         1         0         0         0         0         0         0         0         0         0         0         0         0         0         0       
   0         0         0         0         0         0         0         0         0         0         0         0         0         0         0         0         0         0         0         0         0         1         0         0         0         0         0         0         0         0         0         0         0         0         0       
   0         0         0         0         0         0         0         0         0         0         0         0         0         0         0         0         0         0         0         0         0         0         1         0         0         0         0         0         0         0         0         0         0         0         0       
   0         0         0         0         0         0         0         0         0         0         0         0         0         0         0         0         0         0         0         0         0         0         0         1         0         0         0         0         0         0         0         0         0         0         0       
   0         0         0         0         0         0         0         0         0         0         0         0         0         0         0         0         0         0         0         0         0         0         0         0         1         0         0         0         0         0         0         0         0         0         0       
   0         0         0         0         0         0         0         0         0         0         0         0         0         0         0         0         0         0         0         0         0         0         0         0         0         1         0         0         0         0         0         0         0         0         0       
   0         0         0         0         0         0         0         0         0         0         0         0         0         0         0         0         0         0         0         0         0         0         0         0         0         0         1         0         0         0         0         0         0         0         0       
   0         0         0         0         0         0         0         0         0         0         0         0         0         0         0         0         0         0         0         0         0         0         0         0         0         0         0         1         0         0         0         0         0         0         0       
   0         0         0         0         0         0         0         0         0         0         0         0         0         0         0         0         0         0         0         0         0         0         0         0         0         0         0         0         1         0         0         0         0         0         0       
   0         0         0         0         0         0         0         0         0         0         0         0         0         0         0         0         0         0         0         0         0         0         0         0         0         0         0         0         0         1         0         0         0         0         0       
   0         0         0         0         0         0         0         0         0         0         0         0         0         0         0         0         0         0         0         0         0         0         0         0         0         0         0         0         0         0         1         0         0         0         0       
   0         0         0         0         0         0         0         0         0         0         0         0         0         0         0         0         0         0         0         0         0         0         0         0         0         0         0         0         0         0         0         1         0         0         0       
   0         0         0         0         0         0         0         0         0         0         0         0         0         0         0         0         0         0         0         0         0         0         0         0         0         0         0         0         0         0         0         0         1         0         0       
   0         0         0         0         0         0         0         0         0         0         0         0         0         0         0         0         0         0         0         0         0         0         0         0         0         0         0         0         0         0         0         0         0         1         0       
   0         0         0         0         0         0         0         0         0         0         0         0         0         0         0         0         0         0         0         0         0         0         0         0         0         0         0         0         0         0         0         0         0         0         1       
   0         0         0         0         0         0         0.019     0.016     0         0         0         0         0         0         0         0         0         0        -0.0037    0.21     -0.11     -0.23      0.51      0.051    -0.14      0.025    -0.051     0.037     0         0         0         0         0         0         0       
   0         0         0         0         0         0         0.037    -0.019     0         0         0         0         0         0         0         0         0         0        -0.21     -0.019    -0.22     -0.5      -0.25     -0.017    -0.26     -0.027    -0.093    -0.02      0         0         0         0         0         0         0       
   0         0         0         0         0         0         0.086    -0.029     0         0         0         0         0         0         0         0         0         0        -0.049     0.23     -0.17     -0.27      0.13      0.016    -0.16     -0.00016  -0.043     0.00026   0         0         0         0         0         0         0       
   0         0         0         0         0         0        -0.03      0.026     0         0         0         0         0         0         0         0         0         0        -0.16     -0.035    -0.17     -0.46      0.13      0.019    -0.25     -0.0021   -0.1       0.016     0         0         0         0         0         0         0       
   0         0         0         0         0         0         0         0         0         0         0         0         0.038     0.018     0         0         0         0         0.21      0.013    -0.22      0         0         0         0         0         0         0        -0.51      0.24      0.015    -0.27      0.027    -0.094     0.019   
   0         0         0         0         0         0         0         0         0         0         0         0         0.018    -0.016     0         0         0         0        -0.0015   -0.22     -0.11      0         0         0         0         0         0         0        -0.22     -0.51     -0.052    -0.13     -0.026    -0.049    -0.037   
   0         0         0         0         0         0         0         0         0         0         0         0         0.086     0.029     0         0         0         0         0.046    -0.23     -0.16      0         0         0         0         0         0         0        -0.27     -0.14     -0.017    -0.15     -0.00031  -0.042    -0.00079 
   0         0         0         0         0         0         0         0         0         0         0         0        -0.03     -0.026     0         0         0         0         0.16      0.032    -0.17      0         0         0         0         0         0         0        -0.46     -0.14     -0.02     -0.25      0.0016   -0.1      -0.017   

IEFC_J
   0         0         0         0         0         0         1         0         0         0         0         0         0         0         0         0         0         0         0         0         0         0         0         0         0         0         0         0         0         0         0         0         0         0         0       
   0         0         0         0         0         0         0         1         0         0         0         0         0         0         0         0         0         0         0         0         0         0         0         0         0         0         0         0         0         0         0         0         0         0         0       
   0         0         0         0         0         0         0         0         1         0         0         0         0         0         0         0         0         0         0         0         0         0         0         0         0         0         0         0         0         0         0         0         0         0         0       
   0         0         0         0         0         0         0         0         0         1         0         0         0         0         0         0         0         0         0         0         0         0         0         0         0         0         0         0         0         0         0         0         0         0         0       
   0         0         0         0         0         0         0         0         0         0         1         0         0         0         0         0         0         0         0         0         0         0         0         0         0         0         0         0         0         0         0         0         0         0         0       
   0         0         0         0         0         0         0         0         0         0         0         1         0         0         0         0         0         0         0         0         0         0         0         0         0         0         0         0         0         0         0         0         0         0         0       
   0         0         0         0         0         0         0         0         0         0         0         0         1         0         0         0         0         0         0         0         0         0         0         0         0         0         0         0         0         0         0         0         0         0         0       
   0         0         0         0         0         0         0         0         0         0         0         0         0         1         0         0         0         0         0         0         0         0         0         0         0         0         0         0         0         0         0         0         0         0         0       
   0         0         0         0         0         0         0         0         0         0         0         0         0         0         1         0         0         0         0         0         0         0         0         0         0         0         0         0         0         0         0         0         0         0         0       
   0         0         0         0         0         0         0         0         0         0         0         0         0         0         0         1         0         0         0         0         0         0         0         0         0         0         0         0         0         0         0         0         0         0         0       
   0         0         0         0         0         0         0         0         0         0         0         0         0         0         0         0         1         0         0         0         0         0         0         0         0         0         0         0         0         0         0         0         0         0         0       
   0         0         0         0         0         0         0         0         0         0         0         0         0         0         0         0         0         1         0         0         0         0         0         0         0         0         0         0         0         0         0         0         0         0         0       
   0         0         0         0         0         0         0         0         0         0         0         0         0         0         0         0         0         0         1         0         0         0         0         0         0         0         0         0         0         0         0         0         0         0         0       
   0         0         0         0         0         0         0         0         0         0         0         0         0         0         0         0         0         0         0         1         0         0         0         0         0         0         0         0         0         0         0         0         0         0         0       
   0         0         0         0         0         0         0         0         0         0         0         0         0         0         0         0         0         0         0         0         1         0         0         0         0         0         0         0         0         0         0         0         0         0         0       
   0         0         0         0         0         0         0         0         0         0         0         0         0         0         0         0         0         0         0         0         0         1         0         0         0         0         0         0         0         0         0         0         0         0         0       
   0         0         0         0         0         0         0         0         0         0         0         0         0         0         0         0         0         0         0         0         0         0         1         0         0         0         0         0         0         0         0         0         0         0         0       
   0         0         0         0         0         0         0         0         0         0         0         0         0         0         0         0         0         0         0         0         0         0         0         1         0         0         0         0         0         0         0         0         0         0         0       
   0         0         0         0         0         0         0         0         0         0         0         0         0         0         0         0         0         0         0         0         0         0         0         0         1         0         0         0         0         0         0         0         0         0         0       
   0         0         0         0         0         0         0         0         0         0         0         0         0         0         0         0         0         0         0         0         0         0         0         0         0         1         0         0         0         0         0         0         0         0         0       
   0         0         0         0         0         0         0         0         0         0         0         0         0         0         0         0         0         0         0         0         0         0         0         0         0         0         1         0         0         0         0         0         0         0         0       
   0         0         0         0         0         0         0         0         0         0         0         0         0         0         0         0         0         0         0         0         0         0         0         0         0         0         0         1         0         0         0         0         0         0         0       
   0         0         0         0         0         0         0         0         0         0         0         0         0         0         0         0         0         0         0         0         0         0         0         0         0         0         0         0         1         0         0         0         0         0         0       
   0         0         0         0         0         0         0         0         0         0         0         0         0         0         0         0         0         0         0         0         0         0         0         0         0         0         0         0         0         1         0         0         0         0         0       
   0         0         0         0         0         0         0         0         0         0         0         0         0         0         0         0         0         0         0         0         0         0         0         0         0         0         0         0         0         0         1         0         0         0         0       
   0         0         0         0         0         0         0         0         0         0         0         0         0         0         0         0         0         0         0         0         0         0         0         0         0         0         0         0         0         0         0         1         0         0         0       
   0         0         0         0         0         0         0         0         0         0         0         0         0         0         0         0         0         0         0         0         0         0         0         0         0         0         0         0         0         0         0         0         1         0         0       
   0         0         0         0         0         0         0         0         0         0         0         0         0         0         0         0         0         0         0         0         0         0         0         0         0         0         0         0         0         0         0         0         0         1         0       
   0         0         0         0         0         0         0         0         0         0         0         0         0         0         0         0         0         0         0         0         0         0         0         0         0         0         0         0         0         0         0         0         0         0         1       
   0         0         0         0         0         0         0.019     0.016     0         0         0         0         0         0         0         0         0         0        -0.0037    0.21     -0.11     -0.23      0.51      0.051    -0.14      0.025    -0.051     0.037     0         0         0         0         0         0         0       
   0         0         0         0         0         0         0.037    -0.019     0         0         0         0         0         0         0         0         0         0        -0.21     -0.019    -0.22     -0.5      -0.25     -0.017    -0.26     -0.027    -0.093    -0.02      0         0         0         0         0         0         0       
   0         0         0         0         0         0         0.086    -0.029     0         0         0         0         0         0         0         0         0         0        -0.049     0.23     -0.17     -0.27      0.13      0.016    -0.16     -0.00016  -0.043     0.00026   0         0         0         0         0         0         0       
   0         0         0         0         0         0        -0.03      0.026     0         0         0         0         0         0         0         0         0         0        -0.16     -0.035    -0.17     -0.46      0.13      0.019    -0.25     -0.0021   -0.1       0.016     0         0         0         0         0         0         0       
   0         0         0         0         0         0         0         0         0         0         0         0         0.038     0.018     0         0         0         0         0.21      0.013    -0.22      0         0         0         0         0         0         0        -0.51      0.24      0.015    -0.27      0.027    -0.094     0.019   
   0         0         0         0         0         0         0         0         0         0         0         0         0.018    -0.016     0         0         0         0        -0.0015   -0.22     -0.11      0         0         0         0         0         0         0        -0.22     -0.51     -0.052    -0.13     -0.026    -0.049    -0.037   
   0         0         0         0         0         0         0         0         0         0         0         0         0.086     0.029     0         0         0         0         0.046    -0.23     -0.16      0         0         0         0         0         0         0        -0.27     -0.14     -0.017    -0.15     -0.00031  -0.042    -0.00079 
   0         0         0         0         0         0         0         0         0         0         0         0        -0.03     -0.026     0         0         0         0         0.16      0.032    -0.17      0         0         0         0         0         0         0        -0.46     -0.14     -0.02     -0.25      0.0016   -0.1      -0.017   

EFC_POS
   0       
   0       
   0       
   0       
   0       
   0       
   0       
   0       
   0       
   0       
   0       
   0       
   0       
   0       
   0       
   0       
   0       
   0       
   0       
   0       
   0       
   0       
   0       
   0       
   0       
   0       
   0       
   0       
   0       
  -0.00014 
  -0.00014 
  -0.00014 
  -0.00014 
  -0.00014 
  -0.00014 
  -0.00014 
  -0.00014 

EFC_MARGIN
   0       
   0       
   0       
   0       
   0       
   0       
   0       
   0       
   0       
   0       
   0       
   0       
   0       
   0       
   0       
   0       
   0       
   0       
   0       
   0       
   0       
   0       
   0       
   0       
   0       
   0       
   0       
   0       
   0       
   0       
   0       
   0       
   0       
   0       
   0       
   0       
   0       

EFC_FRICTIONLOSS
   0.2     
   0.2     
   0.2     
   0.2     
   0.2     
   0.2     
   0.2     
   0.2     
   0.2     
   0.2     
   0.2     
   0.2     
   0.2     
   0.2     
   0.2     
   0.2     
   0.2     
   0.2     
   0.2     
   0.2     
   0.1     
   0.1     
   0.2     
   0.2     
   0.2     
   0.2     
   0.2     
   0.1     
   0.1     
   0       
   0       
   0       
   0       
   0       
   0       
   0       
   0       

EFC_DIAGAPPROX
   18      
   8.1     
   60      
   24      
   82      
   97      
   18      
   8.1     
   60      
   24      
   82      
   97      
   19      
   7.5     
   22      
   17      
   20      
   37      
   39      
   96      
   81      
   89      
   17      
   20      
   37      
   39      
   96      
   81      
   89      
   5.4     
   5.4     
   5.4     
   5.4     
   5.4     
   5.4     
   5.4     
   5.4     

EFC_KBIP
   0         1.1e+02   0.9       0       
   0         1.1e+02   0.9       0       
   0         1.1e+02   0.9       0       
   0         1.1e+02   0.9       0       
   0         1.1e+02   0.9       0       
   0         1.1e+02   0.9       0       
   0         1.1e+02   0.9       0       
   0         1.1e+02   0.9       0       
   0         1.1e+02   0.9       0       
   0         1.1e+02   0.9       0       
   0         1.1e+02   0.9       0       
   0         1.1e+02   0.9       0       
   0         1.1e+02   0.9       0       
   0         1.1e+02   0.9       0       
   0         1.1e+02   0.9       0       
   0         1.1e+02   0.9       0       
   0         1.1e+02   0.9       0       
   0         1.1e+02   0.9       0       
   0         1.1e+02   0.9       0       
   0         1.1e+02   0.9       0       
   0         1.1e+02   0.9       0       
   0         1.1e+02   0.9       0       
   0         1.1e+02   0.9       0       
   0         1.1e+02   0.9       0       
   0         1.1e+02   0.9       0       
   0         1.1e+02   0.9       0       
   0         1.1e+02   0.9       0       
   0         1.1e+02   0.9       0       
   0         1.1e+02   0.9       0       
   2.8e+03   1.1e+02   0.9      -29      
   2.8e+03   1.1e+02   0.9      -29      
   2.8e+03   1.1e+02   0.9      -29      
   2.8e+03   1.1e+02   0.9      -29      
   2.8e+03   1.1e+02   0.9      -29      
   2.8e+03   1.1e+02   0.9      -29      
   2.8e+03   1.1e+02   0.9      -29      
   2.8e+03   1.1e+02   0.9      -29      

EFC_D
   0.51    
   1.1     
   0.15    
   0.37    
   0.11    
   0.093   
   0.51    
   1.1     
   0.15    
   0.37    
   0.11    
   0.093   
   0.48    
   1.2     
   0.4     
   0.53    
   0.45    
   0.24    
   0.23    
   0.093   
   0.11    
   0.1     
   0.53    
   0.45    
   0.24    
   0.23    
   0.093   
   0.11    
   0.1     
   1.7     
   1.7     
   1.7     
   1.7     
   1.7     
   1.7     
   1.7     
   1.7     

EFC_R
   2       
   0.9     
   6.6     
   2.7     
   9.2     
   11      
   2       
   0.9     
   6.6     
   2.7     
   9.2     
   11      
   2.1     
   0.84    
   2.5     
   1.9     
   2.2     
   4.1     
   4.3     
   11      
   9       
   9.9     
   1.9     
   2.2     
   4.1     
   4.4     
   11      
   9       
   9.9     
   0.59    
   0.59    
   0.59    
   0.59    
   0.59    
   0.59    
   0.59    
   0.59    

ACTUATOR_VELOCITY
  -0.0024  
   7.9e-05 
   0.00017 
  -0.0019  
   0.0088  
  -2.3e-05 
  -0.0024  
  -4.3e-05 
  -0.00022 
  -0.0019  
   0.0088  
   2.7e-05 
  -3.9e-05 
   1.2e-05 
   0.0023  
   0.001   
   0.00012 
   0.0013  
  -0.002   
  -0.00037 
  -0.0034  
   0.0014  
   0.0011  
  -0.00038 
  -0.0014  
  -0.0019  
   0.00038 
  -0.0034  
  -0.0014  

CVEL
   0         0         0         0         0         0       
   0.0029   -0.097     0.00035  -0.0027    5e-05     0.00044 
   0.0029   -0.099     0.00035  -0.0027    5e-05     0.00046 
   0.003    -0.099     0.00036  -0.0027    4.6e-05   0.00045 
   0.003    -0.099     0.00053  -0.0027    4.5e-05   0.00045 
   0.003    -0.1       0.00052  -0.0034    4.8e-05   0.0005  
   0.003    -0.092     0.00055   0.0024    2.5e-05   0.00021 
   0.003    -0.092     0.00055   0.0024    4e-05     0.00021 
   0.0029   -0.099     0.00035  -0.0027    5e-05     0.00046 
   0.0029   -0.099     0.00035  -0.0027    5.3e-05   0.00046 
   0.0029   -0.099     0.00013  -0.0027    5.4e-05   0.00046 
   0.0029   -0.1       0.00014  -0.0034    5.3e-05   0.00051 
   0.0029   -0.092     0.00011   0.0024    6.4e-05   0.00022 
   0.0029   -0.092     0.00011   0.0024    4.6e-05   0.00022 
   0.0029   -0.097     0.00031  -0.0027    5e-05     0.00044 
   0.003    -0.097     0.00031  -0.0027    5.1e-05   0.00044 
   0.003    -0.094     0.00032  -0.003     5.2e-05   0.00042 
   0.003    -0.093     0.00061  -0.0033    5.4e-05   0.00041 
   0.0031   -0.093     0.00062  -0.0033    9.7e-05   0.00039 
   0.003    -0.093     0.002    -0.0031    7.5e-05   0.0004  
   0.003    -0.095     0.0019   -0.0028    8.3e-05   0.00036 
   0.0029   -0.095     0.0023   -0.0027    5.7e-05   0.00038 
   0.003    -0.099     0.0023   -0.0025    6.3e-05   0.00018 
   0.0043   -0.099     0.0028   -0.0024    4.2e-05  -1.9e-05 
   0.003    -0.093     1.6e-05  -0.0033    5e-05     0.00041 
   0.0026   -0.093    -6.9e-06  -0.0033   -9.2e-05   0.00035 
   0.0027   -0.093    -0.0014   -0.0031   -7e-05     0.00037 
   0.0026   -0.095    -0.0014   -0.0028   -7.7e-05   0.00032 
   0.0027   -0.095    -0.0018   -0.0027   -5.1e-05   0.00034 
   0.0026   -0.099    -0.0017   -0.0025   -5.8e-05   0.00014 
   0.0013   -0.098    -0.0023   -0.0025   -3.5e-05  -6.2e-05 

CDOF_DOT
   0         0         0         0         0         0       
   0         0         0         0         0         0       
   0         0         0         0         0         0       
   0         0        -0         4.8e-06  -0.00052   0.0002  
   0         0         0         0.00025   4.5e-06  -0.01    
   0         0        -0        -0.00019   0.01      1e-05   
  -0.0004   -9.8e-07   0.003     0.00051   3.8e-05  -0.00058 
  -0.013    -4.2e-05   0.098     0.011     0.0012    0.0013  
  -0.098    -0.003    -0.013    -0.0015    0.0026    0.011   
  -0.00081  -6.4e-06   0.0034    0.0019    0.00027   0.033   
  -0.00081  -6.4e-06   0.0034    0.0028    0.00045   0.063   
   0.019     0.0011    0.09      0.011     0.001    -0.0045  
  -0.0004   -9.8e-07   0.003     0.00051   3.8e-05  -0.00058 
  -0.013    -4.2e-05   0.098    -0.011     0.00047  -0.0017  
  -0.098    -0.0029   -0.013     0.0016    0.0026   -0.011   
   0.00013   7.5e-06   0.0027    0.0019    0.00011   0.033   
   0.00013   7.5e-06   0.0027    0.0028    0.00018   0.063   
   0.019     0.0007    0.09     -0.011     0.00035   0.00032 
  -0.097    -0.0029    0.0025    4.7e-05   0.0027    3.9e-05 
   0.0025    0.00039   0.097    -3.1e-05   0.00037   0.0003  
  -0.0005   -5.3e-06   0.003     0.00049  -8.6e-06  -0.016   
  -0.026    -0.00082   0.0028    0.00023   0.00074  -0.034   
  -0.0054    0.00044   0.093     0.013     0.001     0.0024  
  -0.093    -0.0031   -0.0055   -0.00069   0.0034    0.014   
  -0.0029   -6.6e-05   0.0013   -0.0026   -0.00041  -0.021   
   0.09      0.0035    0.03      0.0043   -0.0026   -0.014   
  -0.0029   -8.6e-05   0.00014  -0.006    -0.00029  -0.0077  
  -0.036     0.001     0.092     0.014     0.0016    0.0053  
   0.026     0.00081   0.003     0.0002   -0.0009   -0.034   
  -0.0054   -0.00016   0.093    -0.013     0.00019  -0.00027 
  -0.093    -0.0026   -0.0054    0.00071   0.0033   -0.014   
   0.0023   -3.1e-06   0.0045   -0.0025    0.00018  -0.02    
   0.09      0.002     0.03     -0.0043   -0.0029    0.014   
   0.0023   -3.9e-05   0.0057   -0.0059   -7.4e-05  -0.0077  
  -0.036    -0.0026    0.092    -0.014     0.00078  -0.0054  

QFRC_BIAS
  -0.0022  
   4e-05   
   3.4e+02 
  -0.027   
  -2.4     
   0.00047 
  -0.39    
  -0.013   
  -0.0029  
  -0.087   
  -0.11    
   0.00027 
  -0.39    
   0.017   
   0.0021  
  -0.087   
  -0.11    
  -0.00025 
  -8.6e-05 
  -0.039   
  -2.5     
  -1       
   0.29    
   0.0058  
  -0.48    
  -0.001   
  -0.15    
   0.003   
  -1       
  -0.29    
  -0.0052  
  -0.48    
   0.00095 
  -0.15    
  -0.0031  

QFRC_SPRING
   0       
   0       
   0       
   0       
   0       
   0       
   0       
   0       
   0       
   0       
   0       
   0       
   0       
   0       
   0       
   0       
   0       
   0       
   0       
   0       
   0       
   0       
   0       
   0       
   0       
   0       
   0       
   0       
   0       
   0       
   0       
   0       
   0       
   0       
   0       

QFRC_DAMPER
   0       
   0       
   0       
   0       
   0       
   0       
   0.00012 
  -3.9e-06 
  -8.4e-06 
   9.6e-05 
  -0.00044 
   1.1e-06 
   0.00012 
   2.2e-06 
   1.1e-05 
   9.6e-05 
  -0.00044 
  -1.3e-06 
   1.9e-06 
  -6.2e-07 
  -0.00012 
  -5.2e-05 
  -5.8e-06 
  -6.7e-05 
   9.9e-05 
   1.9e-05 
   0.00017 
  -6.9e-05 
  -5.5e-05 
   1.9e-05 
   7.1e-05 
   9.7e-05 
  -1.9e-05 
   0.00017 
   7.2e-05 

QFRC_GRAVCOMP
   0       
   0       
   0       
   0       
   0       
   0       
   0       
   0       
   0       
   0       
   0       
   0       
   0       
   0       
   0       
   0       
   0       
   0       
   0       
   0       
   0       
   0       
   0       
   0       
   0       
   0       
   0       
   0       
   0       
   0       
   0       
   0       
   0       
   0       
   0       

QFRC_FLUID
   0       
   0       
   0       
   0       
   0       
   0       
   0       
   0       
   0       
   0       
   0       
   0       
   0       
   0       
   0       
   0       
   0       
   0       
   0       
   0       
   0       
   0       
   0       
   0       
   0       
   0       
   0       
   0       
   0       
   0       
   0       
   0       
   0       
   0       
   0       

QFRC_PASSIVE
   0       
   0       
   0       
   0       
   0       
   0       
   0.00012 
  -3.9e-06 
  -8.4e-06 
   9.6e-05 
  -0.00044 
   1.1e-06 
   0.00012 
   2.2e-06 
   1.1e-05 
   9.6e-05 
  -0.00044 
  -1.3e-06 
   1.9e-06 
  -6.2e-07 
  -0.00012 
  -5.2e-05 
  -5.8e-06 
  -6.7e-05 
   9.9e-05 
   1.9e-05 
   0.00017 
  -6.9e-05 
  -5.5e-05 
   1.9e-05 
   7.1e-05 
   9.7e-05 
  -1.9e-05 
   0.00017 
   7.2e-05 

EFC_VEL
  -0.0024  
   7.9e-05 
   0.00017 
  -0.0019  
   0.0088  
  -2.3e-05 
  -0.0024  
  -4.3e-05 
  -0.00022 
  -0.0019  
   0.0088  
   2.7e-05 
  -3.9e-05 
   1.2e-05 
   0.0023  
   0.001   
   0.00012 
   0.0013  
  -0.002   
  -0.00037 
  -0.0034  
   0.0014  
   0.0011  
  -0.00038 
  -0.0014  
  -0.0019  
   0.00038 
  -0.0034  
  -0.0014  
   7.8e-05 
  -0.00035 
  -0.00039 
   0.00011 
  -0.00047 
   0.0002  
  -0.00038 
   0.00011 

EFC_AREF
   0.25    
  -0.0083  
  -0.018   
   0.2     
  -0.92    
   0.0024  
   0.25    
   0.0046  
   0.023   
   0.2     
  -0.92    
  -0.0028  
   0.0041  
  -0.0013  
  -0.25    
  -0.11    
  -0.012   
  -0.14    
   0.21    
   0.039   
   0.35    
  -0.15    
  -0.12    
   0.041   
   0.15    
   0.21    
  -0.04    
   0.35    
   0.15    
   0.35    
   0.4     
   0.4     
   0.35    
   0.41    
   0.34    
   0.4     
   0.35    

SUBTREE_LINVEL
   0         0         0       
   0         0         0       
   0         0         0       
   0         0         0       
   0         0         0       
   0         0         0       
   0         0         0       
   0         0         0       
   0         0         0       
   0         0         0       
   0         0         0       
   0         0         0       
   0         0         0       
   0         0         0       
   0         0         0       
   0         0         0       
   0         0         0       
   0         0         0       
   0         0         0       
   0         0         0       
   0         0         0       
   0         0         0       
   0         0         0       
   0         0         0       
   0         0         0       
   0         0         0       
   0         0         0       
   0         0         0       
   0         0         0       
   0         0         0       
   0         0         0       

SUBTREE_ANGMOM
   0         0         0       
   0         0         0       
   0         0         0       
   0         0         0       
   0         0         0       
   0         0         0       
   0         0         0       
   0         0         0       
   0         0         0       
   0         0         0       
   0         0         0       
   0         0         0       
   0         0         0       
   0         0         0       
   0         0         0       
   0         0         0       
   0         0         0       
   0         0         0       
   0         0         0       
   0         0         0       
   0         0         0       
   0         0         0       
   0         0         0       
   0         0         0       
   0         0         0       
   0         0         0       
   0         0         0       
   0         0         0       
   0         0         0       
   0         0         0       
   0         0         0       

ACTUATOR_FORCE
   0       
   0       
   0       
   0       
   0       
   0       
   0       
   0       
   0       
   0       
   0       
   0       
   0       
   0       
   0       
   0       
   0       
   0       
   0       
   0       
   0       
   0       
   0       
   0       
   0       
   0       
   0       
   0       
   0       

QFRC_ACTUATOR
   0       
   0       
   0       
   0       
   0       
   0       
   0       
   0       
   0       
   0       
   0       
   0       
   0       
   0       
   0       
   0       
   0       
   0       
   0       
   0       
   0       
   0       
   0       
   0       
   0       
   0       
   0       
   0       
   0       
   0       
   0       
   0       
   0       
   0       
   0       

QFRC_SMOOTH
  -2.6     
   0.0046  
   0.0089  
  -0.019   
   1.9     
  -0.0018  
   0.39    
   0.013   
   0.0028  
   0.087   
   0.11    
  -0.00027 
   0.39    
  -0.017   
  -0.0021  
   0.087   
   0.11    
   0.00024 
  -0.0012  
  -0.0019  
   1.2     
   1       
  -0.29    
  -0.0059  
   0.48    
   0.0011  
   0.15    
  -0.0031  
   1       
   0.29    
   0.0053  
   0.48    
  -0.00097 
   0.15    
   0.0031  

QACC_SMOOTH
   0.24    
   0.004   
   0.051   
  -0.042   
   0.14    
  -0.00028 
   1.3     
   0.15    
   0.42    
  -2.1     
   8.8     
  -0.044   
   1.3     
  -0.066   
  -0.44    
  -2.1     
   8.8     
   0.045   
   0.016   
   0.057   
   0.11    
   4.1     
  -1.9     
   1.6     
   4.7     
   0.06    
   2.1     
   0.51    
   4.1     
   1.8     
  -1.6     
   4.6     
  -0.06    
   2.1     
  -0.48    

EFC_B
   1       
   0.16    
   0.44    
  -2.3     
   9.7     
  -0.046   
   1       
  -0.07    
  -0.46    
  -2.3     
   9.7     
   0.047   
   0.012   
   0.058   
   0.36    
   4.2     
  -1.9     
   1.8     
   4.5     
   0.021   
   1.8     
   0.65    
   4.2     
   1.7     
  -1.8     
   4.4     
  -0.019   
   1.7     
  -0.63    
  -2.9     
  -3.4     
  -2.5     
  -3.9     
  -3.5     
  -2.8     
  -2.4     
  -3.8     

EFC_FORCE
   0.14    
  -0.0091  
  -0.0026  
   0.079   
  -0.1     
   0.00022 
   0.14    
   0.0046  
   0.0034  
   0.079   
  -0.1     
  -0.00026 
   0.002   
  -0.0013  
  -0.1     
  -0.059   
  -0.0067  
  -0.035   
   0.05    
   0.0038  
   0.04    
  -0.015   
  -0.062   
   0.02    
   0.037   
   0.05    
  -0.0039  
   0.04    
   0.015   
   0.59    
   0.67    
   0.68    
   0.58    
   0.69    
   0.57    
   0.68    
   0.58    

EFC_STATE
  3
  1
  1
  2
  3
  1
  3
  1
  1
  2
  3
  1
  1
  1
  1
  3
  2
  3
  3
  1
  3
  1
  3
  3
  2
  3
  1
  3
  1
  1
  1
  1
  1
  1
  1
  1
  1

QFRC_CONSTRAINT
   0       
   0       
   0       
   0       
   0       
   0       
   0.21    
  -0.017   
  -0.0026  
   0.079   
  -0.1     
   0.00022 
   0.21    
   0.013   
   0.0034  
   0.079   
  -0.1     
  -0.00026 
   0.00056 
  -0.004   
  -0.95    
  -0.99    
   0.29    
   0.0062  
  -0.46    
  -0.0011  
  -0.14    
   0.0032  
  -0.99    
  -0.29    
  -0.0056  
  -0.46    
   0.00098 
  -0.14    
  -0.0032  

QFRC_INVERSE
   0       
   0       
   0       
   0       
   0       
   0       
   0       
   0       
   0       
   0       
   0       
   0       
   0       
   0       
   0       
   0       
   0       
   0       
   0       
   0       
   0       
   0       
   0       
   0       
   0       
   0       
   0       
   0       
   0       
   0       
   0       
   0       
   0       
   0       
   0       

CACC
   0         0         0        -0        -0         9.8     
  -0.0045    0.48     -0.0026   -0.077     0.00011   9.8     
  -0.0045    0.47     -0.0026   -0.077     0.00011   9.8     
  -0.0046    0.47     -0.0026   -0.077     0.00011   9.8     
  -0.0045    0.47     -0.0031   -0.077     0.00012   9.8     
  -0.0046    0.46     -0.0031   -0.081     0.00013   9.8     
  -0.0046    0.45     -0.0031   -0.083     0.00014   9.8     
  -0.0045    0.45     -0.0031   -0.083     0.00012   9.8     
  -0.0045    0.47     -0.0026   -0.077     0.00011   9.8     
  -0.0041    0.47     -0.0026   -0.077     8.7e-05   9.8     
  -0.004     0.47     -0.0026   -0.077     8.7e-05   9.8     
  -0.004     0.46     -0.0026   -0.081     8e-05     9.8     
  -0.004     0.45     -0.0026   -0.083     7.8e-05   9.8     
  -0.004     0.45     -0.0026   -0.083     5.7e-05   9.8     
  -0.0045    0.48     -0.0027   -0.077     0.00011   9.8     
  -0.0047    0.48     -0.0027   -0.077     8.4e-05   9.8     
  -0.0047    0.5      -0.0027   -0.079     8.6e-05   9.8     
  -0.0047    0.5      -0.0025   -0.079     8.8e-05   9.8     
  -0.0021    0.5      -0.0023   -0.079     0.001     9.8     
  -0.0023    0.5      -0.0013   -0.079     0.001     9.8     
  -0.0021    0.49     -0.0014   -0.077     0.0011    9.8     
  -0.0025    0.49     -0.0002   -0.076     0.00098   9.8     
  -0.0022    0.48     -0.00027  -0.076     0.001     9.8     
  -0.002     0.48     -4.1e-05  -0.076     0.001     9.8     
  -0.0046    0.5      -0.0028   -0.079     8.4e-05   9.8     
  -0.0077    0.5      -0.003    -0.079    -0.001     9.8     
  -0.0075    0.5      -0.0042   -0.079    -0.001     9.8     
  -0.0077    0.49     -0.0041   -0.077    -0.0011    9.8     
  -0.0072    0.49     -0.0054   -0.076    -0.00097   9.8     
  -0.0075    0.48     -0.0054   -0.076    -0.00099   9.8     
  -0.0077    0.48     -0.0056   -0.076    -0.00099   9.8     

CFRC_INT
   0        -1e-15     1.4e-17  -1.6e-15   1.1e-16  -1.4e-14 
   0        -1e-15     1.4e-17  -1.6e-15   1.1e-16  -1.4e-14 
   8.3       0.81     -0.097     0.63      0.69      72      
   6.8       0.7      -0.11      0.77      0.69      58      
   4.9       1.2       0.15     -1.2      -0.008     42      
   3.2       0.99      0.1      -0.85     -0.0058    26      
   0.81      0.29      0.033    -0.27     -0.002     6.7     
   0.72      0.25      0.029    -0.24     -0.0018    6       
  -8.3       0.83      0.096     0.62     -0.73      72      
  -6.8       0.72      0.11      0.75     -0.73      58      
  -4.9       1.2      -0.15     -1.2      -0.0073    42      
  -3.2       1        -0.1      -0.85     -0.0052    26      
  -0.81      0.3      -0.032    -0.27     -0.0018    6.7     
  -0.72      0.25     -0.029    -0.24     -0.0016    6       
  -0.019    -2         0.0015   -0.97      0.04     -1.8e+02 
  -0.019    -2         0.0015   -0.96      0.04     -1.8e+02 
  -0.019    -2         0.0015   -0.96      0.04     -1.8e+02 
   4.9      -0.65      0.27     -2.2      -0.69      33      
   4        -0.72      0.28     -2.2      -0.69      26      
   3        -0.75      0.29     -2.3      -0.7       20      
   2        -0.65      0.29     -2.3      -0.7       13      
   1.1      -0.46      0.29     -2.3      -0.7       7.1     
   0.94     -0.42      0.29     -2.3      -0.7       6.2     
   0.22     -0.13      0.29     -2.2      -0.7       1.5     
  -5        -0.64     -0.27     -2.1       0.72      33      
  -4        -0.72     -0.28     -2.2       0.72      26      
  -3        -0.75     -0.29     -2.3       0.72      20      
  -2        -0.64     -0.29     -2.3       0.72      13      
  -1.1      -0.46     -0.29     -2.3       0.72      7.1     
  -0.95     -0.42     -0.29     -2.3       0.72      6.2     
  -0.22     -0.13     -0.29     -2.2       0.72      1.5     

CFRC_EXT
   0         0         0         0         0         0       
   0         0         0         0         0         0       
   0         0         0         0         0         0       
  -0.16      0.11      0.28     -2.2      -0.7      -1       
   0         0         0         0         0         0       
   0         0         0         0         0         0       
   0         0         0         0         0         0       
   0         0         0         0         0         0       
   0         0         0         0         0         0       
   0.16      0.12     -0.28     -2.2       0.72     -0.99    
   0         0         0         0         0         0       
   0         0         0         0         0         0       
   0         0         0         0         0         0       
   0         0         0         0         0         0       
   0         0         0         0         0         0       
   0         0         0         0         0         0       
  -0.017     1.7      -0.00015  -2.6       0.0047    3.4e+02 
   0         0         0         0         0         0       
   0         0         0         0         0         0       
   0         0         0         0         0         0       
   0         0         0         0         0         0       
   0         0         0         0         0         0       
   0         0         0         0         0         0       
   0.16     -0.11     -0.28      2.2       0.7       1       
   0         0         0         0         0         0       
   0         0         0         0         0         0       
   0         0         0         0         0         0       
   0         0         0         0         0         0       
   0         0         0         0         0         0       
   0         0         0         0         0         0       
  -0.16     -0.12      0.28      2.2      -0.72      0.99    

TREE_ISLAND
  0

ISLAND_NTREE
  1

ISLAND_ITREEADR
  0

MAP_ITREE2TREE
  0

DOF_ISLAND            0 0 0 0 0 0 0 0 0 0 0 0 0 0 0 0 0 0 0 0 0 0 0 0 0 0 0 0 0 0 0 0 0 0 0

ISLAND_NV             35

ISLAND_IDOFADR        0

MAP_IDOF2DOF          0 1 2 3 4 5 6 7 8 9 10 11 12 13 14 15 16 17 18 19 20 21 22 23 24 25 26 27 28 29 30 31 32 33 34

EFC_ISLAND            0 0 0 0 0 0 0 0 0 0 0 0 0 0 0 0 0 0 0 0 0 0 0 0 0 0 0 0 0 0 0 0 0 0 0 0 0

ISLAND_NEFC           37

ISLAND_IEFCADR        0

MAP_IEFC2EFC          0 1 2 3 4 5 6 7 8 9 10 11 12 13 14 15 16 17 18 19 20 21 22 23 24 25 26 27 28 29 30 31 32 33 34 35 36

